Abbekas,Skurup,Skane,55.399274,13.600275
Abborrberget,Strangnas,Varmland,59.712128,14.202896
Alberga,Eskilstuna,Orebro,59.456204,14.880120
Alby,Ange,Gotland,57.819483,18.956528
Alfta,Ovanaker,Gavleborg,61.345719,16.000104
Algutsrum,Morbylanga,Kalmar,56.679426,16.529795
Alingsas,Alingsas,Vastra Gotaland,57.980745,12.458170
Allerum,Helsingborg,Skane,56.128579,12.668427
Almunge,Uppsala,Uppsala,59.877306,18.046123
Alsike,Knivsta,Uppsala,59.756626,17.763587
Alstad,Trelleborg,Skane,55.454374,13.209501
Alsterbro,Nybro,Kalmar,56.940257,15.913943
Alster,Karlstad,Varmland,59.398117,13.608431
Alstermo,Uppvidinge,Kronoberg,56.974271,15.652680
Alunda,Osthammar,Uppsala,60.066453,18.078071
Alvesta,Alvesta,Kronoberg,56.863826,14.447930
Alvhem,Ale,Uppsala,59.749985,17.761835
Alvik,Stockholm,Stockholm,59.333400,17.980300
Alvik,Lulea,Norrbotten,65.566667,21.783333
Ambjornarp,Tranemo,Vastra Gotaland,57.421314,13.294558
Ammenas,Uddevalla,Vastra Gotaland,58.311395,11.818407
Anderslov,Trelleborg,Skane,55.438877,13.318682
Anderstorp,Gislaved,Jonkoping,57.282982,13.636821
Aneby,Aneby,Jonkoping,57.874561,14.754430
Angelstad,Ljungby,Kronoberg,56.827591,13.763888
Angered,Goteborg,Vastra Gotaland,57.813166,12.118917
Ankarsrum,Vastervik,Kalmar,57.700892,16.334361
Ankarsvik,Sundsvall,Vasternorrland,62.373596,17.40904
Anneberg,Nassjo,Halland,57.539118,12.110653
Annelov,Landskrona,Skane,55.836544,13.019732
Antnas,Lulea,Norrbotten,65.552552,21.842872
Aplared,Boras,Vastra Gotaland,57.650125,13.067945
Arboga,Arboga,Vastmanland,59.394187,15.839664
Arbra,Bollnas,Gavleborg,61.473088,16.374964
Ardala,Skara,Vastra Gotaland,58.362007,13.338056
Arentorp,Vara,Vastra Gotaland,58.241915,12.873894
Arild,Hoganas,Skane,56.273819,12.572109
Arjeplog,Arjeplog,Norrbotten,66.380715,17.106845
Arkelstorp,Kristianstad,Skane,56.173923,14.289774
Arninge,Taby,Stockholm,59.464709,18.129501
Arno,Nykoping,Sodermanland,56.180854,15.586153
Arrie,Vellinge,Skane,55.515525,13.085134
Arvidsjaur,Arvidsjaur,Norrbotten,65.656995,19.345614
Arvidsvik,Kungalv,Vastra Gotaland,57.888471,11.591697
Arvika,Arvika,Varmland,59.654355,12.591622
Askeby,Linkoping,Ostergotland,58.406696,15.871683
Askersby,Orebro,Orebro,59.148960,15.474376
Askersund,Askersund,Orebro,58.835500,14.925755
Asmundtorp,Landskrona,Skane,55.885595,12.947194
Aspeboda,Falu,Dalarna,60.560042,15.491874
Aspero,Goteborg,Vastra Gotaland,57.646285,11.800211
Aspas,Krokom,Jamtland,63.365034,14.484700
Avan,Lulea,Norrbotten,66.109133,22.300143
Avesta,Avesta,Dalarna,60.146955,16.182699
Axvall,Skara,Vastra Gotaland,58.389166,13.574769
Backaryd,Ronneby,Blekinge,56.347209,15.154482
Backa,Rattvik,Gavleborg,60.660842,17.076742
Backe,Stromsund,Vasternorrland,62.273599,17.143122
Baggetorp,Vingaker,Orebro,58.905277,14.608042
Baldersnas,Varmdo,Vastra Gotaland,58.962705,12.277522
Ballingslov,Hassleholm,Skane,56.214274,13.846578
Balsby,Kristianstad,Skane,56.075362,14.211030
Bammarboda,Osteraker,Stockholm,59.506469,18.468463
Bankekind,Linkoping,Ostergotland,58.361450,15.853222
Bankeryd,Jonkoping,Jonkoping,57.863142,14.127853
Bara,Svedala,Gotland,57.588491,18.610915
Barkaro,Vasteras,Vastmanland,59.555793,16.504193
Barseback,Kavlinge,Skane,55.771661,12.956365
Barsebackshamn,Kavlinge,Skane,55.755836,12.905884
Baskemolla,Simrishamn,Skane,55.591541,14.315296
Bastutrask,Norsjo,Vasterbotten,64.021139,19.347257
Beddingestrand,Trelleborg,Skane,55.360633,13.425184
Bengtsfors,Bengtsfors,Vastra Gotaland,59.011644,12.245549
Bengtsheden,Falu,Dalarna,60.700717,15.870233
Bensbyn,Lulea,Norrbotten,65.639826,22.239665
Bergagard,Falkenberg,Halland,56.981516,12.577500
Berga,Hogsby,Kalmar,57.216667,16.033333
Berga,Norrkoping,Ostergotland,58.598056,16.252222
Bergby,Gavle,Gavleborg,60.929064,17.041003
Bergeforsen,Timra,Vasternorrland,62.526318,17.373982
Berg,Gavle,Jamtland,62.689571,14.356633
Berghem,Mark,Gavleborg,61.546404,16.981166
Bergkvara,Torsa,Kalmar,56.390750,16.070362
Berg,Linkoping,Jamtland,62.689571,14.356633
Bergnaset,Lulea,Norrbotten,65.568224,22.110145
Bergshammar,Nykoping,Sodermanland,58.741404,16.912554
Bergshamra,Norrtalje,Stockholm,59.639531,18.656496
Bergsjo,Nordanstig,Gavleborg,61.983775,17.058369
Bergstromshusen,Staffanstorp,Skane,55.676680,13.173360
Bergsviken,Pitea,Norrbotten,65.307803,21.390501
Bergsang,Hagfors,Varmland,60.111842,13.567442
Bergvik,Soderhamn,Gavleborg,61.255352,16.832544
Berg,Atvidaberg,Jamtland,62.689571,14.356633
Bestorp,Linkoping,Ostergotland,58.233475,15.733218
Betsede,Varmdo,Stockholm,59.329785,18.431584
Bettna,Flen,Sodermanland,58.907255,16.638713
Bie,Katrineholm,Sodermanland,59.087860,16.211660
Billdal,Kungsbacka,Vastra Gotaland,57.576997,11.942625
Billeberga,Svalov,Skane,55.882914,12.999087
Billinge,Eslov,Skane,55.962529,13.331781
Billingsfors,Bengtsfors,Vastra Gotaland,58.983173,12.246167
Billsta,Ornskoldsvik,Vasternorrland,63.322877,18.514495
Birka,Krokom,Stockholm,59.332728,17.544941
Bjurholm,Bjurholm,Vasterbotten,63.964237,18.979487
Bjursas,Falu,Dalarna,60.737604,15.450190
Bjuv,Bjuv,Skane,56.084298,12.916730
Bjarlov,Kristianstad,Skane,56.112944,14.087109
Bjarnum,Hassleholm,Skane,56.290441,13.711422
Bjarred,Lomma,Skane,55.722186,13.021643
Bjarsjolagard,Sjobo,Skane,55.723107,13.689776
Bjasta,Ornskoldsvik,Vasternorrland,63.203875,18.500273
Bjorbo,Gagnef,Dalarna,60.456683,14.727251
Bjorboholm,Lerum,Vastra Gotaland,57.873579,12.328050
Bjorke,Gavle,Gavleborg,60.765938,17.191293
Bjorketorp,Mark,Vastra Gotaland,57.426156,12.523757
Bjorklinge,Uppsala,Uppsala,60.029136,17.551431
Bjorkskatan,Lulea,Norrbotten,65.61585,22.177784
Bjorkvik,Katrineholm,Sodermanland,58.839772,16.513832
Bjorkoby,Vetlanda,Jonkoping,57.519216,14.905918
Bjorko,Ockero,Kalmar,57.86431,16.656670
Bjorna,Ornskoldsvik,Vasternorrland,63.735842,18.449723
Bjorneborg,Kristinehamn,Skane,55.486245,13.385036
Bjornlunda,Gnesta,Sodermanland,59.066026,17.159785
Bjornas,Astorp,Vasternorrland,62.902228,18.346429
Bjornange,Are,Gavleborg,61.302995,17.035888
Bjorsater,Atvidaberg,Vastra Gotaland,58.658272,13.699112
Blackstalund,Uppsala,Uppsala,59.963056,17.382621
Bleket,Tjorn,Vastra Gotaland,57.953250,11.570375
Blentarp,Sjobo,Skane,55.584158,13.599080
Blidsberg,Ulricehamn,Vastra Gotaland,57.930513,13.493323
Blido,Norrtalje,Stockholm,59.614538,18.901464
Blombacka,Karlstad,Varmland,59.606125,13.801258
Blomstermala,Monsteras,Kalmar,56.984570,16.328683
Blasmark,Pitea,Norrbotten,65.265284,21.292715
Blotberget,Ludvika,Dalarna,60.126774,15.058789
Bockara,Oskarshamn,Kalmar,57.261836,16.065139
Bodafors,Nassjo,Jonkoping,57.505262,14.703379
Boda,Rattvik,Uppsala,59.661106,16.894597
Boden,Boden,Norrbotten,65.827500,21.696410
Boliden,Skelleftea,Vasterbotten,64.867048,20.387333
Bollebygd,Bollebygd,Vastra Gotaland,57.744516,12.583187
Bollnas,Bollnas,Gavleborg,61.318303,16.396793
Bollstabruk,Kramfors,Vasternorrland,62.997142,17.675724
Bonas,Mora,Dalarna,61.071555,14.485861
Borensberg,Motala,Ostergotland,58.565658,15.280218
Borggard,Finspang,Ostergotland,58.730203,15.558990
Borgholm,Borgholm,Kalmar,56.879927,16.656137
Borgstena,Boras,Vastra Gotaland,57.883805,13.013169
Borlange,Borlange,Dalarna,60.485642,15.423456
Borrby,Simrishamn,Skane,55.458033,14.180885
Bor,Varnamo,Jonkoping,57.117835,14.156708
Boras,Boras,Vastra Gotaland,57.721083,12.940740
Bosnas,Boras,Vastra Gotaland,57.668333,12.844263
Botsmark,Umea,Vasterbotten,64.253403,20.246195
Bottnaryd,Jonkoping,Jonkoping,57.769513,13.826133
Bovallstrand,Sotenas,Vastra Gotaland,58.474747,11.318806
Boxholm,Boxholm,Ostergotland,58.132595,15.127738
Brantevik,Simrishamn,Skane,55.515199,14.345963
Brastad,Lysekil,Vastra Gotaland,58.382006,11.485181
Braas,Vaxjo,Kronoberg,57.059792,15.048356
Bredared,Boras,Vastra Gotaland,57.805782,12.902985
Bredaryd,Varnamo,Jonkoping,57.174104,13.738937
Bredbyn,Ornskoldsvik,Vasternorrland,62.198527,17.230967
Bredsand,Enkoping,Vasternorrland,62.342022,17.372269
Bredviken,Kalix,Vasternorrland,62.481596,16.460890
Broaryd,Gislaved,Jonkoping,57.120231,13.258352
Broby,Ostra Goinge,Uppsala,59.864782,17.825286
Brokind,Linkoping,Ostergotland,58.218153,15.681462
Bromolla,Bromolla,Skane,56.076158,14.468173
Brottby,Vallentuna,Stockholm,59.560959,18.238716
Bro,Upplands-Bro,Gotland,57.669298,18.472247
Brunna,Upplands-Bro,Dalarna,60.262222,16.010129
Brunnsberg,Alvdalen,Dalarna,61.207716,14.119674
Brunn,Varmdo,Vastra Gotaland,57.800682,13.369513
Bruzaholm,Eksjo,Jonkoping,57.642463,15.271970
Bralanda,Vanersborg,Vastra Gotaland,58.563312,12.350740
Bracke,Bracke,Jamtland,62.752127,15.419870
Brakne-Hoby,Ronneby,Blekinge,56.228560,15.116940
Brandon,Lulea,Norrbotten,65.695381,22.336566
Brannland,Umea,Vasterbotten,64.658330,18.453399
Branno,Goteborg,Vastra Gotaland,57.643783,11.771863
Brosarp,Tomelilla,Skane,55.724581,14.104728
Bua,Varberg,Halland,57.237037,12.122481
Bueras,Kungsbacka,Halland,57.423823,11.968179
Bullmark,Umea,Vasterbotten,64.028582,20.483959
Bunkeflostrand,Malmo,Skane,55.553362,12.915588
Burea,Skelleftea,Vasterbotten,64.617984,21.200493
Burgsvik,Gotland,Gotland,57.033211,18.276696
Burlovs egnahem,Burlov,Skane,55.635827,13.101915
Burseryd,Gislaved,Jonkoping,57.375451,14.789713
Burtrask,Skelleftea,Vasterbotten,64.519004,20.655786
Buskhyttan,Nykoping,Sodermanland,58.665071,16.942079
Butbro,Finspang,Ostergotland,58.716322,15.834455
Bygdea,Robertsfors,Vasterbotten,64.061088,20.853516
Bygdsiljum,Skelleftea,Vasterbotten,64.350669,20.505061
Byske,Skelleftea,Vasterbotten,64.954508,21.205751
Balsta,Habo,Uppsala,59.568210,17.529364
Barslov,Helsingborg,Skane,56.011964,12.801899
Bastad,Bastad,Skane,56.426789,12.860715
Batskarsnas,Kalix,Norrbotten,65.780928,23.422138
Backaskog,Kristianstad,Skane,56.044299,14.334260
Backebo,Nybro,Kalmar,56.889220,16.065362
Backefors,Bengtsfors,Vastra Gotaland,58.806127,12.159969
Backhammar,Kristinehamn,Varmland,59.158939,14.190986
Balgviken,Eskilstuna,Sodermanland,59.249827,16.460741
Balinge,Lulea,Norrbotten,65.633333,21.933333
Balinge,Uppsala,Uppsala,59.948845,17.542984
Barby,Uppsala,Uppsala,59.856685,17.817504
Basna,Gagnef,Dalarna,60.541131,15.207791
Bole,Pitea,Norrbotten,65.386151,21.322539
Bonan,Gavle,Gavleborg,60.736131,17.303216
Charlottenberg,Eda,Varmland,59.883960,12.304920
Dala-Floda,Gagnef,Dalarna,60.507692,14.79673
Dalaro,Haninge,Stockholm,59.133518,18.405239
Dalby,Lund,Skane,55.664663,13.346158
Dalsjofors,Boras,Vastra Gotaland,57.721698,13.106962
Dals Langed,Bengtsfors,Vastra Gotaland,58.925905,12.306382
Dals Rostock,Mellerud,Vastra Gotaland,58.714085,12.355654
Dalstorp,Tranemo,Vastra Gotaland,57.605573,13.511657
Dalum,Ulricehamn,Vastra Gotaland,57.900296,13.464924
Danholn,Falu,Dalarna,60.619545,15.792959
Danmark,Uppsala,Vastra Gotaland,57.949937,11.549310
Dannemora,Osthammar,Uppsala,60.203273,17.859906
Dannike,Boras,Vastra Gotaland,57.688771,13.227561
Degeberga,Kristianstad,Skane,55.837151,14.089263
Degerfors,Degerfors,Orebro,59.153172,14.429411
Degerhamn,Morbylanga,Kalmar,56.355521,16.411009
Deje,Forshaga,Varmland,59.605939,13.463648
Delsbo,Hudiksvall,Gavleborg,61.800127,16.555886
Dingle,Munkedal,Vastra Gotaland,58.527657,11.578637
Dingtuna,Vasteras,Vastmanland,59.572402,16.388665
Diserod,Kungalv,Vastra Gotaland,57.924606,12.028827
Dio,Almhult,Kronoberg,56.639381,14.221131
Djupekas,Solvesborg,Blekinge,56.070682,14.721403
Djura,Leksand,Dalarna,60.612263,15.005470
Djuras,Gagnef,Dalarna,60.560541,15.130313
Djuron,Norrkoping,Ostergotland,58.629273,16.347165
Djuro,Varmdo,Vastra Gotaland,58.863797,13.470505
Docksta,Kramfors,Vasternorrland,63.057320,18.327456
Domsten,Helsingborg,Skane,56.119693,12.607308
Donso,Goteborg,Vastra Gotaland,57.601575,11.803462
Dorotea,Dorotea,Vasterbotten,64.463960,16.114733
Drag,Kalmar,Kalmar,56.779433,16.420263
Drottningholm,Ekero,Stockholm,59.324925,17.887332
Drottningskar,Karlskrona,Halland,57.501139,11.926259
Drangsmark,Skelleftea,Vasterbotten,64.917969,20.954582
Duno,Kalmar,Kalmar,56.634091,16.265794
Duvesjon,Kungalv,Vastra Gotaland,57.953185,12.018631
Dvarsatt,Krokom,Jamtland,63.302411,14.473199
Dyvelsten,Forshaga,Varmland,59.514042,13.438148
Dosjebro,Kavlinge,Skane,55.819977,13.030453
Eda Glasbruk,Eda,Varmland,59.921335,12.263376
Edane,Arvika,Varmland,59.62982,12.822921
Ed,Dals-Ed,Vastra Gotaland,58.912582,11.934013
Edeby,Knivsta,Uppsala,59.811901,17.775823
Edsbro,Norrtalje,Stockholm,59.895128,18.492378
Edsbruk,Vastervik,Kalmar,58.019577,16.467459
Edsbyn,Ovanaker,Gavleborg,61.377442,15.818175
Edsta,Hudiksvall,Gavleborg,61.773770,17.003710
Edsvalla,Karlstad,Varmland,59.436975,13.210344
Eggby,Skara,Vastra Gotaland,58.433965,13.645112
Ekeby-Almby,Orebro,Orebro,59.258469,15.336875
Ekeby,Bjuv,Skane,56.016667,12.950000
Ekeby,Kumla,Orebro,59.166667,15.266667
Ekeby,Sodertalje,Stockholm,59.183333,17.633333
Ekedalen,Tidaholm,Uppsala,59.990706,17.299305
Ekenassjon,Vetlanda,Jonkoping,57.491838,15.020954
Ekero,Ekero,Stockholm,59.355591,17.622421
Ekero sommarstad,Ekero,Stockholm,59.276032,17.734500
Eket,Orkelljunga,Vastra Gotaland,58.057464,13.803066
Eksharad,Hagfors,Varmland,60.174282,13.493761
Eksjo,Eksjo,Jonkoping,57.667443,14.973559
Ekskogen,Vallentuna,Stockholm,59.641435,18.231124
Eksund,Norrkoping,Ostergotland,58.585982,16.091887
Ekangen,Linkoping,Stockholm,59.307174,17.752373
Eldsberga,Halmstad,Halland,56.597933,12.985408
Ellos,Orust,Vastra Gotaland,58.179970,11.468747
Emmaboda,Emmaboda,Kalmar,56.630833,15.540661
Emmaljunga,Hassleholm,Skane,56.399826,13.649232
Emsfors,Oskarshamn,Skane,56.210123,14.096059
Emtunga,Vara,Vastra Gotaland,58.255237,12.999074
Enbacka,Sater,Dalarna,60.411803,15.612191
Eneryda,Almhult,Kronoberg,56.703808,14.338377
Enhagen-Ekbacken,Vasteras,Vastmanland,59.565620,16.531830
Enkoping,Enkoping,Uppsala,59.635611,17.077856
Enstaberga,Nykoping,Sodermanland,58.751468,16.854532
Enviken,Falu,Stockholm,59.623668,18.629259
Enanger,Hudiksvall,Gavleborg,61.547469,17.002246
Eriksmala,Emmaboda,Kalmar,56.736840,15.473637
Eringsboda,Ronneby,Blekinge,56.440125,15.362501
Ersmark,Skelleftea,Vasterbotten,64.848388,20.898183
Ersmark,Umea,Vasterbotten,64.850000,20.900000
Ersnas,Lulea,Norrbotten,65.529052,21.794633
Eskilstuna,Eskilstuna,Sodermanland,59.371737,16.505147
Eslov,Eslov,Skane,55.837495,13.303626
Evertsberg,Alvdalen,Dalarna,61.135109,13.959032
Everod,Kristianstad,Skane,55.899331,14.097671
Fagerhult,Habo,Jonkoping,57.816667,13.933333
Fagerhult,Hogsby,Kalmar,57.150000,15.666667
Fagerhult,Uddevalla,Vastra Gotaland,58.416667,12.016667
Fagersanna,Tibro,Orebro,59.135612,15.276200
Fagersta,Fagersta,Vastmanland,60.003862,15.790605
Fageras,Kil,Varmland,59.160306,12.877854
Falerum,Atvidaberg,Ostergotland,58.143713,16.206315
Falkenberg,Falkenberg,Halland,57.012893,12.711883
Falkoping,Falkoping,Vastra Gotaland,58.164693,13.493855
Falla,Finspang,Ostergotland,58.682822,15.746510
Falun,Falu,Dalarna,60.607006,15.632305
Fanbyn,Sundsvall,Vasternorrland,62.408973,16.579451
Farhult,Hoganas,Skane,56.215028,12.712529
Fegen,Falkenberg,Halland,57.104094,13.032551
Fellingsbro,Lindesberg,Orebro,59.434397,15.589001
Fengersfors,Amal,Vastra Gotaland,58.994944,12.463962
Figeholm,Oskarshamn,Kalmar,57.376711,16.552266
Filipstad,Filipstad,Varmland,59.713548,14.168031
Filsback,Lidkoping,Vastra Gotaland,58.490767,13.245936
Finja,Hassleholm,Skane,56.167568,13.689776
Finkarby,Nykvarn,Stockholm,59.224838,17.308238
Finnerodja,Laxa,Orebro,58.928540,14.441130
Finspang,Finspang,Ostergotland,58.70773,15.775864
Finsta,Norrtalje,Stockholm,59.736929,18.492091
Fiskebackskil,Lysekil,Vastra Gotaland,58.245646,11.456629
Fisksatra,Nacka,Stockholm,59.292196,18.253788
Fjugesta,Lekeberg,Orebro,59.173408,14.870949
Fjalkinge,Kristianstad,Skane,56.043385,14.275847
Fjallbacka,Tanum,Vastra Gotaland,58.598754,11.282780
Fjardhundra,Enkoping,Uppsala,59.776070,16.917936
Fjaras kyrkby,Kungsbacka,Halland,57.460032,12.172380
Fjaras station,Kungsbacka,Halland,57.438054,12.155869
Flen,Flen,Sodermanland,59.056782,16.5893
Fleninge,Helsingborg,Skane,56.108335,12.791536
Flerohopp,Nybro,Kalmar,56.822755,15.876840
Fliseryd,Monsteras,Kalmar,57.124107,16.263129
Floby,Falkoping,Vastra Gotaland,58.138443,13.336221
Flurkmark,Umea,Vasterbotten,63.982403,20.236600
Flygsfors,Nybro,Kalmar,56.839391,15.779186
Flyinge,Eslov,Skane,55.753452,13.368546
Fladie,Lomma,Skane,55.725269,13.071982
Folkarna,Avesta,Dalarna,60.152841,16.314388
Fornasa,Motala,Ostergotland,58.479116,15.227964
Fors,Avesta,Vasternorrland,62.338615,17.026972
Forsbacka,Gavle,Gavleborg,60.615339,16.894980
Forserum,Nassjo,Jonkoping,57.699733,14.472352
Forshaga,Forshaga,Varmland,59.529061,13.482603
Forsheda,Varnamo,Jonkoping,57.167855,13.830136
Forssjo,Katrineholm,Sodermanland,58.955414,16.292684
Forsvik,Karlsborg,Vasterbotten,65.055692,17.251008
Foto,Ockero,Vastra Gotaland,57.670081,11.654583
Fredriksberg vastra,Ludvika,Vastra Gotaland,58.590937,14.088724
Fredriksberg ostra,Ludvika,Vastra Gotaland,58.590937,14.088724
Fredriksdal,Nassjo,Skane,56.057533,12.726913
Fredriksfors,Hudiksvall,Gavleborg,61.787858,16.612753
Freluga,Bollnas,Gavleborg,61.327525,16.296974
Fridlevstad,Karlskrona,Blekinge,56.269795,15.542106
Friggesund,Hudiksvall,Gavleborg,61.896424,16.546260
Frillesas,Kungsbacka,Halland,57.317280,12.176746
Frinnaryd,Aneby,Jonkoping,57.934088,14.820862
Fristad,Boras,Vastra Gotaland,57.823881,13.010019
Fritsla,Mark,Vastra Gotaland,57.551873,12.786593
Frammestad,Essunga,Vastra Gotaland,58.233322,12.666292
Frandefors,Vanersborg,Vastra Gotaland,58.500056,12.278243
Fransta,Ange,Vasternorrland,62.499123,16.170082
Frodinge,Vimmerby,Kalmar,57.699586,16.005047
Frosakull,Halmstad,Halland,56.668435,12.739596
Frovi,Lindesberg,Orebro,59.466198,15.365069
Funbo,Uppsala,Uppsala,59.856784,17.856577
Funasdalen,Harjedalen,Jamtland,62.546067,12.542015
Furuby,Vaxjo,Kronoberg,56.853366,15.031764
Furudal,Rattvik,Dalarna,61.169946,15.135453
Furulund,Kavlinge,Skane,55.776234,13.091198
Furusjo,Habo,Jonkoping,57.930290,13.960971
Furuvik,Gavle,Gavleborg,60.652738,17.329966
Fagelfors,Hogsby,Kalmar,57.207380,15.843661
Fagelmara,Karlskrona,Blekinge,56.260068,15.947508
Fagelsta,Motala,Vasterbotten,64.235420,16.298217
Fagelvikshojden,Varmdo,Stockholm,59.280596,18.447797
Faker,Ostersund,Jamtland,62.991929,14.577169
Farbo,Oskarshamn,Kalmar,57.383971,16.484591
Farosund,Gotland,Gotland,57.863033,19.050890
Fargelanda,Fargelanda,Vastra Gotaland,58.613536,12.005882
Farila,Ljusdal,Gavleborg,61.798149,15.843765
Farjestaden,Morbylanga,Kalmar,56.651710,16.472174
Farlov,Kristianstad,Skane,56.072127,14.085975
Follinge,Krokom,Jamtland,63.672285,14.615961
Forslov,Bastad,Skane,56.353279,12.817391
Gagnef,Gagnef,Dalarna,60.456909,14.866827
Gamleby,Vastervik,Kalmar,57.899823,16.408256
Gammelgarden,Kalix,Norrbotten,65.881964,23.041193
Gantofta,Helsingborg,Skane,55.987462,12.801964
Garpenberg,Hedemora,Dalarna,60.311671,16.195085
Garphyttan,Orebro,Orebro,59.302204,14.949523
Gemla,Vaxjo,Kronoberg,56.870036,14.648903
Genarp,Lund,Skane,55.599519,13.399529
Genevad,Laholm,Halland,56.569084,13.032883
Gessie Villastad,Vellinge,Skane,55.4974,12.956839
Gesunda,Mora,Dalarna,60.887017,14.550466
Getinge,Halmstad,Halland,56.820129,12.732667
Getteron,Varberg,Halland,57.120002,12.212379
Gidea,Ornskoldsvik,Vasternorrland,63.479403,18.976834
Gimo,Osthammar,Uppsala,60.167736,18.188617
Gislaved,Gislaved,Jonkoping,57.293072,13.492229
Gissebo,Jonkoping,Jonkoping,57.838341,14.272612
Gistad,Linkoping,Ostergotland,58.458106,15.927406
Glado kvarn,Huddinge,Stockholm,59.190900,17.982330
Glanshammar,Orebro,Orebro,59.318326,15.400557
Glava,Arvika,Varmland,59.554853,12.560902
Glemmingebro,Ystad,Skane,55.451134,14.023794
Glimakra,Ostra Goinge,Skane,56.303711,14.133828
Glommen,Falkenberg,Halland,56.932469,12.364506
Glommerstrask,Arvidsjaur,Norrbotten,65.260836,19.635022
Glumslov,Landskrona,Skane,55.941698,12.810486
Glomminge,Morbylanga,Kalmar,56.718267,16.534881
Gnarp,Nordanstig,Gavleborg,62.048928,17.254518
Gnesta,Gnesta,Sodermanland,59.048663,17.312548
Gnosjo,Gnosjo,Jonkoping,57.358565,13.788214
Gonas,Ludvika,Dalarna,60.147715,15.092607
Gottne,Ornskoldsvik,Vasternorrland,63.430935,18.424791
Granby,Sigtuna,Stockholm,59.657562,17.632342
Grano,Vindeln,Stockholm,59.561506,18.764090
Graversfors,Norrkoping,Ostergotland,58.696832,16.150096
Grebbestad,Tanum,Vastra Gotaland,58.691937,11.253141
Grebo,Atvidaberg,Ostergotland,58.302142,15.871671
Grevie,Bastad,Skane,55.622487,13.197019
Grillby,Enkoping,Uppsala,59.625462,17.259092
Grimslov,Alvesta,Kronoberg,56.738893,14.542548
Grimstorp,Nassjo,Jonkoping,57.499859,14.442429
Grimsas,Tranemo,Vastra Gotaland,57.484848,13.551954
Gripenberg,Trana,Jonkoping,57.993278,14.853253
Grisslehamn,Norrtalje,Stockholm,60.098176,18.805852
Gropen,Lekeberg,Orebro,59.162062,14.830566
Grums,Grum,Varmland,59.398724,13.034648
Grundsund,Lysekil,Vastra Gotaland,58.213364,11.419244
Grycksbo,Falu,Dalarna,60.689290,15.487599
Grytgol,Finspang,Ostergotland,58.801861,15.555081
Grythyttan,Hallefors,Orebro,59.705624,14.536707
Gryt,Valdemarsvik,Orebro,59.213739,15.258451
Grabo,Lerum,Vastra Gotaland,57.838561,12.299197
Graddo,Norrtalje,Stockholm,59.764168,19.032137
Grafsnas,Alingsas,Vastra Gotaland,58.081050,12.492747
Grangesberg,Ludvika,Dalarna,60.075164,15.006748
Grangesberg vastra,Ludvika,Dalarna,60.075164,15.006748
Granna,Jonkoping,Jonkoping,58.025058,14.467314
Granum,Olofstrom,Blekinge,56.229872,14.606554
Grastorp,Grastorp,Vastra Gotaland,58.328806,12.625973
Grodby,Nynashamn,Skane,56.082960,14.522360
Gualov,Bromolla,Skane,56.048191,14.419841
Gubbo,Smedjebacken,Uppsala,60.360709,17.463489
Gudhem,Falkoping,Vastra Gotaland,58.226917,13.567102
Gullbrandstorp,Halmstad,Halland,56.702952,12.735216
Gullbranna,Halmstad,Halland,56.590329,12.947142
Gullerasen,Rattvik,Dalarna,61.059703,15.185580
Gullringen,Vimmerby,Kalmar,57.800057,15.717278
Gullspang,Gullspang,Vastra Gotaland,58.925370,14.130022
Gunnarskog,Arvika,Varmland,59.813528,12.572332
Gunnebo,Vastervik,Kalmar,57.722421,16.527503
Gunsta,Uppsala,Uppsala,59.854163,17.833642
Gusselby,Lindesberg,Orebro,59.645375,15.218535
Gustavsberg,Varmdo,Stockholm,59.325623,18.388514
Gusum,Valdemarsvik,Ostergotland,58.273342,16.501596
Gyttorp,Nora,Orebro,59.504923,14.966624
Ganghester,Boras,Vastra Gotaland,57.701552,13.023595
Gardby,Morbylanga,Kalmar,56.604353,16.642559
Gardskar,Alvkarleby,Varmland,59.223892,14.059119
Gardstanga,Eslov,Skane,55.764195,13.322496
Gavsta,Uppsala,Uppsala,59.942690,17.875570
Gaddede,Stromsund,Jamtland,64.502789,14.146139
Gallivare,Gallivare,Norrbotten,67.135243,20.660484
Gallstad,Ulricehamn,Vastra Gotaland,57.669055,13.433189
Gallo,Bracke,Jamtland,62.918379,15.249429
Gangletorp,Karlskrona,Blekinge,56.170836,15.739940
Gards Kopinge,Kristianstad,Skane,55.946387,14.156024
Garsnas,Simrishamn,Skane,55.545916,14.185333
Gavle,Gavle,Gavleborg,60.675013,17.146701
Gota,Lilla Edet,Vastra Gotaland,57.712516,12.927321
Goteborg,Goteborg,Vastra Gotaland,57.707232,11.967017
Gotene,Gotene,Vastra Gotaland,58.528062,13.492122
Gotlunda,Arboga,Vastmanland,59.354146,15.667716
Habo,Habo,Jonkoping,57.975174,14.065819
Hackas,Berg,Jamtland,62.923938,14.518695
Haga,Enkoping,Vastra Gotaland,57.698352,11.955813
Hagby,Kalmar,Uppsala,59.800636,17.376211
Hagfors,Hagfors,Varmland,60.087994,13.646585
Hagge,Smedjebacken,Dalarna,60.124551,15.281262
Hagryd-Dala,Kungsbacka,Halland,57.530203,11.976054
Hakkas,Gallivare,Norrbotten,66.916458,21.566148
Hallabro,Ronneby,Blekinge,56.390162,15.102686
Halla Heberg,Kungsbacka,Halland,57.465284,11.988166
Hallen,Are,Vastra Gotaland,57.716959,12.388543
Hallsberg,Hallsberg,Orebro,58.993131,15.327730
Hallstahammar,Hallstahammar,Vastmanland,59.613448,16.230161
Hallstavik,Norrtalje,Stockholm,60.051760,18.597017
Halltorp,Kalmar,Kalmar,56.499708,16.103074
Halmstad,Halmstad,Halland,56.673982,12.857482
Halvarsgardarna,Borlange,Dalarna,60.405960,15.386742
Hamburgsund,Tanum,Vastra Gotaland,58.553609,11.273685
Hammar,Askersund,Skane,56.031989,14.204713
Hammarby,Sandviken,Uppsala,59.819391,17.782188
Hammar,Kristianstad,Skane,56.031989,14.204713
Hammarslund,Kristianstad,Skane,56.017863,14.193314
Hammarstrand,Ragunda,Jamtland,63.108577,16.355842
Hammenhog,Simrishamn,Skane,55.503246,14.152144
Hammerdal,Stromsund,Jamtland,63.582469,15.354173
Hampetorp,Orebro,Orebro,59.140068,15.668353
Hanaskog,Ostra Goinge,Skane,56.159064,14.093411
Haparanda,Haparanda,Norrbotten,65.835667,24.135721
Harads,Boden,Norrbotten,66.088515,20.944173
Hara,Ostersund,Jamtland,63.039251,14.462705
Harbo,Heby,Uppsala,60.108367,17.209961
Hargshamn,Osthammar,Uppsala,60.167768,18.484925
Harkie,Vasteras,Vastmanland,59.531890,16.714112
Harlosa,Eslov,Skane,55.717611,13.525610
Harmanger,Nordanstig,Gavleborg,61.927630,17.217365
Harplinge,Halmstad,Halland,56.744347,12.724915
Hassela,Nordanstig,Gavleborg,62.108258,16.711467
Hasselfors,Laxa,Orebro,59.083459,14.654990
Hasslarp,Helsingborg,Skane,56.137304,12.813448
Hasslo,Karlskrona,Blekinge,56.109771,15.465959
Hasslov,Laholm,Halland,56.413086,13.006068
Havdhem,Gotland,Gotland,57.161600,18.332037
Haverdal,Halmstad,Halland,56.728083,12.671424
Heberg,Falkenberg,Halland,56.880820,12.628135
Heby,Heby,Uppsala,60.066453,17.007221
Hedared,Boras,Vastra Gotaland,57.808591,12.752778
Hede,Harjedalen,Vastra Gotaland,57.500563,12.541570
Hedekas,Munkedal,Vastra Gotaland,58.644993,11.780037
Hedemora,Hedemora,Dalarna,60.278599,15.987029
Hedenaset,Overtornea,Norrbotten,66.235517,23.677934
Hedeskoga,Ystad,Skane,55.451182,13.797324
Hedesunda,Gavle,Gavleborg,60.394025,17.006446
Hedkarra,Fagersta,Vastmanland,59.97604,15.743986
Hedlunda,Lycksele,Vasterbotten,64.020241,19.902091
Helgered,Goteborg,Vastra Gotaland,57.696493,12.255842
Helsingborg,Helsingborg,Skane,56.044198,12.704068
Hemavan,Storuman,Vasterbotten,65.815277,15.08528
Hemmingsmark,Pitea,Norrbotten,65.222951,21.282341
Hemse,Gotland,Gotland,57.240149,18.380019
Hemsjo,Alingsas,Vastra Gotaland,57.844528,12.477200
Henan,Orust,Vastra Gotaland,58.236163,11.679338
Herrljunga,Herrljunga,Vastra Gotaland,58.009184,13.157048
Herrskog,Kramfors,Vasternorrland,62.9166,18.027686
Herrang,Norrtalje,Stockholm,60.129473,18.647286
Herstadberg,Norrkoping,Ostergotland,58.628076,16.175319
Hestra,Gislaved,Jonkoping,57.446111,13.594167
Hestra,Ydre,Ostergotland,57.950000,15.066667
Hillared,Svenljunga,Vastra Gotaland,57.633198,13.161683
Hillerstorp,Gnosjo,Jonkoping,57.314476,13.891287
Hillsta och Se,Sandviken,Vasternorrland,62.427959,17.415109
Himle,Varberg,Halland,57.073175,12.366750
Hindas,Harryda,Vastra Gotaland,57.702816,12.451188
Hishult,Laholm,Halland,56.428253,13.312204
Hissjo,Umea,Vasterbotten,63.939518,20.156303
Hissmofors,Krokom,Jamtland,63.319726,14.458035
Hittarp,Helsingborg,Skane,56.098331,12.638806
Hjo,Hjo,Vastra Gotaland,58.268521,14.280176
Hjorted,Vastervik,Kalmar,57.620590,16.303010
Hjortkvarn,Hallsberg,Orebro,58.900560,15.434484
Hjortnas,Leksand,Dalarna,60.794918,14.967465
Hjortsberga,Alvesta,Kronoberg,56.914297,14.453907
Hjalmared,Alingsas,Halland,57.541825,12.151121
Hjalm,Kungsbacka,Vastra Gotaland,58.086516,11.601715
Hjaltevad,Eksjo,Jonkoping,57.629100,15.343187
Hjarnarp,Angelholm,Skane,56.316862,12.917843
Hjarsas,Ostra Goinge,Skane,56.207866,14.147964
Hjartum,Lilla Edet,Vastra Gotaland,58.180071,12.108522
Hjarup,Staffanstorp,Skane,55.669848,13.139972
Hofors,Hofors,Gavleborg,60.485470,16.453538
Hofterup,Kavlinge,Skane,55.798332,12.976774
Hogstad,Mjolby,Ostergotland,58.330768,15.026194
Hogstorp,Uddevalla,Vastra Gotaland,58.396473,11.757787
Hok,Vaggeryd,Jonkoping,57.517210,14.274435
Holmeja,Svedala,Skane,55.554932,13.273687
Holm,Halmstad,Vasternorrland,62.679578,16.529760
Holmsjo,Karlskrona,Blekinge,56.420251,15.538952
Holmsund,Umea,Vasterbotten,63.708173,20.373003
Holsbybrunn,Vetlanda,Jonkoping,57.437279,15.199514
Holsljunga,Svenljunga,Vastra Gotaland,57.413322,12.973595
Horda,Varnamo,Jonkoping,57.037367,14.258215
Horla,Vargarda,Vastra Gotaland,57.967728,12.728250
Horndal,Avesta,Dalarna,60.291412,16.402185
Horn,Kinda,Vastra Gotaland,58.523834,13.892761
Horred,Mark,Vastra Gotaland,57.358548,12.472959
Hortlax,Pitea,Norrbotten,65.280143,21.403477
Hoting,Stromsund,Jamtland,64.115163,16.202508
Hova,Gullspang,Vastra Gotaland,58.857820,14.217518
Hoverberg,Berg,Jamtland,62.811151,14.442336
Hovid,Sundsvall,Vasternorrland,62.471505,17.400850
Hovmantorp,Lessebo,Kronoberg,56.789422,15.134665
Hovsta,Orebro,Orebro,59.346570,15.227392
Huarod,Kristianstad,Skane,55.840368,13.968270
Hudiksvall,Hudiksvall,Gavleborg,61.728273,17.104708
Hultafors,Bollebygd,Vastra Gotaland,57.695803,12.734457
Hult,Eksjo,Ostergotland,58.536157,15.690562
Hultsfred,Hultsfred,Kalmar,57.394793,15.775161
Hulu,Ulricehamn,Jonkoping,57.161190,14.924104
Hummelsta,Enkoping,Uppsala,59.625723,16.948556
Hunnebostrand,Sotenas,Vastra Gotaland,58.441239,11.301082
Hunnestad,Varberg,Halland,57.100656,12.355766
Hurva,Eslov,Skane,55.796007,13.438365
Husum,Ornskoldsvik,Vasternorrland,63.333385,19.161944
Hybo,Ljusdal,Gavleborg,61.797210,16.193829
Hyllinge,Astorp,Skane,56.105325,12.869367
Hyltebruk,Hylte,Halland,56.999572,13.239955
Hyssna,Mark,Vastra Gotaland,57.555518,12.539430
Habo-Tibble kyrkby,Upplands-Bro,Stockholm,59.587032,17.661931
Haga,Uppsala,Uppsala,59.838302,17.576150
Haksberg,Ludvika,Dalarna,60.185035,15.204186
Hallsta,Eskilstuna,Jamtland,63.002228,14.963202
Hanger,Varnamo,Vastra Gotaland,58.262814,13.521134
Haggenas,Ostersund,Jamtland,63.390779,14.893690
Haljarp,Landskrona,Skane,55.851545,12.915209
Hallaryd,Karlshamn,Jonkoping,57.339693,14.568146
Hallberga,Eskilstuna,Sodermanland,59.319095,16.597212
Hallbybrunn,Eskilstuna,Sodermanland,59.390145,16.424177
Hallefors,Hallefors,Orebro,59.782950,14.522491
Halleforsnas,Flen,Sodermanland,59.151383,16.500051
Hallekis,Gotene,Vastra Gotaland,58.630563,13.437862
Hallestad,Finspang,Vastra Gotaland,58.107593,13.270394
Hallesaker,Molndal,Vastra Gotaland,57.599574,12.189499
Hallevadsholm,Munkedal,Vastra Gotaland,58.578554,11.543153
Hallevik,Solvesborg,Blekinge,56.013781,14.696968
Hallingsjo,Harryda,Vastra Gotaland,57.618286,12.435963
Hallnas,Vindeln,Vasterbotten,64.307651,19.623205
Halso,Ockero,Vastra Gotaland,57.734884,11.652415
Haradsbygden,Leksand,Dalarna,60.702229,15.047116
Harad,Strangnas,Sodermanland,59.361288,16.901567
Harnosand,Harnosand,Vasternorrland,62.632308,17.937991
Harryda,Harryda,Vastra Gotaland,57.669189,12.295911
Harslov,Landskrona,Skane,55.932406,12.876023
Hassleholm,Hassleholm,Skane,56.157986,13.765332
Hasthagen,Nacka,Gavleborg,60.680797,16.826887
Hastholmen,Odeshog,Blekinge,56.085896,15.756573
Hastveda,Hassleholm,Skane,56.284508,13.936391
Hastangen,Norrtalje,Orebro,59.233846,14.537957
Hoganas,Hoganas,Skane,56.200856,12.551584
Hogboda,Kil,Varmland,59.556837,13.053804
Hoggerod,Orust,Vastra Gotaland,58.000793,11.655793
Hogsby,Hogsby,Kalmar,57.113119,15.880439
Hogsjo,Vingaker,Vasternorrland,62.789753,17.821400
Hogsater,Fargelanda,Vastra Gotaland,58.651104,12.055453
Hokerum,Ulricehamn,Vastra Gotaland,57.838663,13.286221
Hokasen,Vasteras,Vastra Gotaland,57.752535,12.990957
Hokopinge,Vellinge,Skane,55.493338,13.008787
Hollviken,Vellinge,Skane,55.413762,12.963231
Holo,Sodertalje,Stockholm,59.025492,17.535552
Hono,Ockero,Vastra Gotaland,57.690313,11.652050
Horby,Horby,Skane,55.854013,13.663330
Horja,Hassleholm,Skane,56.205668,13.599750
Hornefors,Umea,Vasterbotten,63.627856,19.914096
Horvik,Solvesborg,Blekinge,56.040496,14.765190
Hoviksnas,Tjorn,Vastra Gotaland,58.033244,11.748350
Hoor,Hoor,Skane,55.933291,13.545383
Idkerberget,Borlange,Dalarna,60.380512,15.233008
Idre,Alvdalen,Dalarna,61.858427,12.716846
Igelfors,Finspang,Ostergotland,58.845527,15.696952
Igelstorp,Skovde,Vastra Gotaland,58.398704,13.978407
Iggesund,Hudiksvall,Gavleborg,61.642963,17.078121
Ilsbo,Nordanstig,Gavleborg,61.858634,17.050985
Immeln,Ostra Goinge,Skane,56.206054,14.248948
Indal,Sundsvall,Vasternorrland,62.609679,17.020301
Ingared,Alingsas,Vastra Gotaland,57.850420,12.458476
Ingatorp,Eksjo,Vastra Gotaland,58.262271,13.548443
Ingelstad,Vaxjo,Kronoberg,56.740857,14.929001
Ingelstrade,Hoganas,Skane,56.185135,12.632973
Innertavle,Umea,Vasterbotten,63.813807,20.419065
Insjon,Leksand,Dalarna,60.679419,15.092323
Inskogen,Oxelosund,Sodermanland,58.687827,17.044937
Irsta,Vasteras,Vastmanland,59.602556,16.693707
Johannesudd,Vallentuna,Stockholm,59.551617,18.030971
Johannishus,Ronneby,Blekinge,56.226857,15.420548
Johansfors,Emmaboda,Halland,56.838673,12.979440
Jokkmokk,Jokkmokk,Norrbotten,66.605853,19.837931
Jonsered,Partille,Vastra Gotaland,57.746978,12.171260
Jonslund,Essunga,Orebro,59.151973,15.322610
Jonstorp,Hoganas,Jonkoping,58.012524,14.590630
Jordbro,Haninge,Stockholm,59.142399,18.131791
Jukkasjarvi,Kiruna,Norrbotten,67.850378,20.605304
Jung,Vara,Uppsala,59.691678,17.043493
Junosuando,Pajala,Norrbotten,67.428291,22.511417
Junsele,Solleftea,Vasternorrland,63.798958,16.921770
Juoksengi,Overtornea,Norrbotten,66.557640,23.832344
Jaderfors,Sandviken,Gavleborg,60.662727,16.697894
Jalla,Uppsala,Uppsala,59.904850,17.716677
Jamjo,Karlskrona,Blekinge,56.190848,15.840349
Jamshog,Olofstrom,Blekinge,56.241287,14.531979
Jamton,Lulea,Norrbotten,65.853761,22.498201
Jaravallen,Kavlinge,Skane,55.792710,12.950475
Jarbo,Sandviken,Gavleborg,60.719930,16.597216
Jarlasa,Uppsala,Uppsala,59.886907,17.200555
Jarna,Sodertalje,Stockholm,59.083333,17.566667
Jarna,Vansbro,Dalarna,60.550000,14.350000
Jarnforsen,Hultsfred,Kalmar,57.408473,15.621071
Jarpen,Are,Jamtland,63.348376,13.463668
Jarpas,Lidkoping,Vastra Gotaland,58.380110,12.972543
Jarvso,Ljusdal,Gavleborg,61.715894,16.169320
Jattendal,Nordanstig,Gavleborg,61.978121,17.243329
Javre,Pitea,Norrbotten,65.154321,21.498697
Jonkoping,Jonkoping,Jonkoping,57.781470,14.162757
Jonaker,Nykoping,Sodermanland,58.746927,16.725095
Jorlanda,Stenungsund,Vastra Gotaland,57.986393,11.831144
Jorn,Skelleftea,Vasterbotten,65.057646,20.041264
Jossefors,Arvika,Varmland,59.673429,12.504671
Kalix,Kalix,Norrbotten,65.771284,23.130228
Kalkudden,Strangnas,Sodermanland,59.265052,17.282932
Kallax,Lulea,Norrbotten,65.524573,22.059254
Kallfors,Sodertalje,Vasternorrland,63.532883,19.116272
Kallinge,Ronneby,Blekinge,56.245610,15.287237
Kalmar,Kalmar,Kalmar,56.662882,16.366238
Kalvsund,Ockero,Vastra Gotaland,57.708968,11.680922
Kangos,Pajala,Norrbotten,67.484526,22.655664
Karby,Vallentuna,Uppsala,59.926650,17.837014
Karesuando,Kiruna,Norrbotten,68.440505,22.474315
Karlholmsbruk,Tierp,Uppsala,60.521940,17.636231
Karlsborg,Karlsborg,Vastra Gotaland,58.594482,14.539705
Karlshamn,Karlshamn,Blekinge,56.170172,14.863127
Karlskoga,Karlskoga,Orebro,59.388301,14.552600
Karlskrona,Karlskrona,Blekinge,56.162107,15.586642
Karlstad,Karlstad,Varmland,59.379913,13.502948
Karlsvik,Lulea,Norrbotten,65.597283,22.079106
Karungi,Haparanda,Norrbotten,66.044553,23.953027
Karups sommarby,Sjobo,Skane,55.591988,13.637648
Kastlosa,Morbylanga,Kalmar,56.459838,16.428953
Katrinedal,Vanersborg,Stockholm,59.475315,17.836947
Katrineholm,Katrineholm,Sodermanland,59.016346,16.324228
Kattarp,Helsingborg,Skane,56.193491,12.755286
Kaxholmen,Jonkoping,Jonkoping,57.854004,14.307587
Kebal,Stromstad,Vastra Gotaland,58.952553,11.152931
Kilafors,Bollnas,Gavleborg,61.228627,16.567118
Kil,Kil,Varmland,59.567107,13.190544
Killeberg,Osby,Skane,56.475869,14.096954
Kil,Nacka,Varmland,59.567107,13.190544
Kilsmo,Orebro,Orebro,59.068552,15.539169
Kimstad,Norrkoping,Ostergotland,58.548921,15.968906
Kinna,Mark,Vastra Gotaland,57.507764,12.692822
Kinnared,Hylte,Halland,57.026938,13.110207
Kinnarp,Falkoping,Vastra Gotaland,58.074887,13.519676
Kinnarumma,Boras,Vastra Gotaland,57.593197,12.874498
Kiruna,Kiruna,Norrbotten,67.855072,20.225548
Kisa,Kinda,Ostergotland,57.987820,15.631767
Kivik,Simrishamn,Skane,55.684635,14.224772
Kjulaas,Eskilstuna,Sodermanland,59.387697,16.677549
Klagstorp,Trelleborg,Vastra Gotaland,58.336555,13.885317
Klevshult,Vaggeryd,Jonkoping,57.355188,14.101380
Klingsta och Allsta,Sundsvall,Vasternorrland,62.328093,17.208368
Klintehamn,Gotland,Gotland,57.386394,18.202844
Klippan,Klippan,Skane,56.116273,13.228856
Klippans bruk,Klippan,Skane,56.119790,13.148501
Klockestrand,Kramfors,Vasternorrland,62.876604,17.907755
Klockrike,Motala,Ostergotland,58.496565,15.338339
Klutmark,Skelleftea,Vasterbotten,64.729520,20.716593
Klagerup,Svedala,Skane,55.594253,13.249008
Kladesholmen,Tjorn,Vastra Gotaland,57.944109,11.538262
Klappa,Kungsbacka,Halland,57.363652,12.141729
Klassbol,Arvika,Varmland,59.537569,12.743575
Klovedal,Tjorn,Vastra Gotaland,58.037972,11.575078
Klovertrask,Lulea,Norrbotten,65.638013,21.392009
Klovsjo,Berg,Jamtland,62.527828,14.197194
Knislinge,Ostra Goinge,Skane,56.194202,14.085138
Knivsta,Knivsta,Uppsala,59.743923,17.816204
Knutby,Uppsala,Uppsala,59.909686,18.266033
Knared,Laholm,Halland,56.520239,13.316688
Kode,Kungalv,Vastra Gotaland,57.943903,11.850813
Kolback,Hallstahammar,Vastmanland,59.562481,16.235983
Kolsva,Koping,Vastmanland,59.599841,15.844000
Konga,Tingsryd,Kronoberg,56.497917,15.121524
Kopparberg,Ljusnarsberg,Orebro,59.874506,14.990384
Kopparmora,Varmdo,Stockholm,59.335833,18.565
Kopparnas,Pitea,Norrbotten,65.404689,21.478504
Koppom,Eda,Varmland,59.703155,12.149459
Korpilombolo,Pajala,Norrbotten,66.850432,23.056268
Korsberga,Hjo,Vastra Gotaland,58.300000,14.083333
Korsberga,Vetlanda,Jonkoping,57.302500,15.125278
Korstrask,Alvsbyn,Norrbotten,65.668190,20.867354
Kortebo,Jonkoping,Jonkoping,57.814875,14.145419
Koskullskulle,Gallivare,Norrbotten,67.185964,20.738665
Kosta,Lessebo,Kronoberg,56.847541,15.394082
Kovikshamn,Kungalv,Vastra Gotaland,57.841715,11.686537
Kovland,Sundsvall,Vasternorrland,62.470936,17.155297
Kramfors,Kramfors,Vasternorrland,62.930611,17.783990
Krika,Klippan,Skane,56.095109,13.145129
Kristdala,Oskarshamn,Kalmar,57.400567,16.197434
Kristianstad,Kristianstad,Skane,56.029377,14.156685
Kristinehamn,Kristinehamn,Varmland,59.311361,14.11176
Kristvallabrunn,Nybro,Kalmar,56.777766,16.053326
Krokek,Norrkoping,Ostergotland,58.674980,16.365736
Krokom,Krokom,Jamtland,63.802225,14.180883
Krylbo,Avesta,Dalarna,60.127434,16.211779
Kragga,Habo,Uppsala,59.606041,17.404754
Krange,Linkoping,Ostergotland,58.440932,15.468802
Kullersta,Eskilstuna,Sodermanland,59.449047,16.531014
Kulltorp,Gnosjo,Vastmanland,59.914851,16.250672
Kullo,Vaxholm,Stockholm,59.413961,18.304833
Kumla,Kumla,Orebro,59.117423,15.109026
Kungsberga,Ekero,Stockholm,59.405967,17.627952
Kungsgarden,Sandviken,Gavleborg,61.365482,16.947860
Kungshamn,Sotenas,Vastra Gotaland,58.360817,11.251142
Kungshult,Eslov,Skane,56.102261,12.695800
Kungsangen,Upplands-Bro,Stockholm,59.478667,17.751169
Kungsater,Varberg,Halland,57.305817,12.564880
Kungsor,Kungsor,Vastmanland,59.413971,16.087752
Kungalv,Kungalv,Vastra Gotaland,57.870786,11.978862
Kurland,Trelleborg,Skane,55.376975,13.084278
Kurverod,Uddevalla,Vastra Gotaland,58.363597,11.890481
Kusmark,Skelleftea,Vasterbotten,64.87881,20.79953
Kuttainen,Kiruna,Norrbotten,68.381679,22.826079
Kvarsebo,Norrkoping,Ostergotland,58.640770,16.628524
Kvegero,Nykoping,Sodermanland,58.927495,17.369469
Kvibille,Halmstad,Halland,56.783227,12.832206
Kvicksund,Vasteras,Vastmanland,59.457644,16.314485
Kvidinge,Astorp,Skane,56.135365,13.044990
Kvillsfors,Vetlanda,Jonkoping,57.403087,15.497728
Kvissleby,Sundsvall,Vasternorrland,62.299215,17.379976
Kvanum,Vara,Vastra Gotaland,58.301430,13.186595
Kvarlov,Landskrona,Skane,55.839439,12.986569
Kyrkesund,Tjorn,Vastra Gotaland,58.015795,11.514944
Kyrkheddinge,Staffanstorp,Skane,55.649140,13.268006
Kyrkhult,Olofstrom,Skane,55.832424,13.724734
Kyrksten,Storfors,Varmland,59.437666,14.392946
Kagerod,Svalov,Skane,55.999056,13.088313
Kage,Skelleftea,Vasterbotten,64.835173,20.984811
Kahog,Partille,Vastra Gotaland,57.750421,12.151588
Kallekarr,Tjorn,Vastra Gotaland,58.026051,11.660106
Kanna,Ljungby,Kronoberg,56.781805,13.903944
Karsta,Vallentuna,Stockholm,59.657503,18.274701
Kalarne,Bracke,Jamtland,62.979221,16.085824
Kallby,Gotene,Vastra Gotaland,58.509551,13.307386
Kallhagen,Gavle,Gavleborg,60.698760,17.194925
Kallo-Knippla,Ockero,Vastra Gotaland,57.753167,11.651050
Karda,Varnamo,Jonkoping,57.171295,13.921352
Karna,Kungalv,Ostergotland,58.410221,15.510259
Karsta,Vasteras,Vastmanland,59.679131,16.837808
Kattilsmala,Karlskrona,Blekinge,56.269177,15.736483
Kattilstorp,Falkoping,Kronoberg,56.825167,14.777483
Kavlinge,Kavlinge,Skane,55.791294,13.107347
Koinge,Falkenberg,Halland,57.064209,12.645174
Kopingebro,Ystad,Skane,55.452452,13.935417
Koping,Koping,Vastmanland,59.579954,15.879021
Kopmanholmen,Ornskoldsvik,Vasternorrland,63.169467,18.554621
Lagan,Ljungby,Jonkoping,57.238215,14.069977
Laggarberg,Timra,Vasternorrland,62.464177,17.258688
Laholm,Laholm,Halland,56.512652,13.044638
Lammhult,Vaxjo,Kronoberg,57.168903,14.580559
Landeryd,Hylte,Halland,57.077553,13.266096
Landfjarden,Nynashamn,Stockholm,59.035934,17.989155
Landsbro,Vetlanda,Jonkoping,57.369620,14.901320
Landskrona,Landskrona,Skane,55.869800,12.829673
Landvetter,Harryda,Vastra Gotaland,57.685293,12.223490
Lanesund och Overby,Uddevalla,Vastra Gotaland,58.340046,11.728530
Lanna,Varnamo,Jonkoping,57.223516,13.777647
Larv,Vara,Vastra Gotaland,58.188968,13.126441
Latorpsbruk,Orebro,Orebro,59.275532,14.987604
Laxvik,Halmstad,Halland,56.597352,12.927060
Laxa,Laxa,Orebro,58.982954,14.619779
Lekeryd,Jonkoping,Jonkoping,57.773366,14.418215
Leksand,Leksand,Dalarna,60.724768,14.868461
Lenhovda,Uppvidinge,Kronoberg,56.997770,15.284947
Lerbackshult,Angelholm,Skane,56.335259,12.973061
Lerdala,Skovde,Vastra Gotaland,58.477042,13.709034
Lerum,Lerum,Vastra Gotaland,57.769947,12.268929
Lesjofors,Filipstad,Varmland,59.97628,14.184061
Lessebo,Lessebo,Kronoberg,56.756624,15.267950
Liatorp,Almhult,Kronoberg,56.663235,14.265872
Lidatorp och Klovsta,Nynashamn,Stockholm,58.958090,17.906444
Liden,Sundsvall,Vasternorrland,62.699009,16.803524
Lidhult,Ljungby,Kronoberg,56.827578,13.440539
Lidingo,Lidingo,Stockholm,59.364384,18.133142
Lidkoping,Lidkoping,Vastra Gotaland,58.568247,13.009890
Lidkoping norra,Lidkoping,Vastra Gotaland,58.568247,13.009890
Lilla Edet,Lilla Edet,Vastra Gotaland,58.157211,12.081630
Lilla Edet vastra,Lilla Edet,Vastra Gotaland,58.157211,12.081630
Lilla Harrie,Kavlinge,Skane,55.792753,13.202751
Lilla Stenby,Ekero,Stockholm,59.384764,17.524639
Lilla Tjarby,Laholm,Halland,56.527249,13.056591
Lillhaga,Ljusdal,Gavleborg,61.832770,16.057998
Lillhardal,Harjedalen,Jamtland,61.851045,14.068330
Lillkyrka,Enkoping,Ostergotland,58.499803,15.903497
Lillpite,Pitea,Norrbotten,65.373996,21.151354
Limedsforsen,Malung-Salen,Dalarna,60.889845,13.395734
Limmared,Tranemo,Vastra Gotaland,57.537388,13.356598
Linderod,Kristianstad,Skane,55.933072,13.823756
Lindesberg,Lindesberg,Orebro,59.593056,15.226496
Lindholmen,Vallentuna,Blekinge,56.151828,15.585013
Lindsdal,Kalmar,Kalmar,56.733926,16.297433
Lindo,Norrkoping,Kalmar,56.673253,16.361488
Lingbo,Ockelbo,Gavleborg,61.048803,16.694169
Linghed,Falu,Dalarna,60.78361,15.860435
Linghem,Linkoping,Ostergotland,58.429082,15.787180
Linkoping,Linkoping,Ostergotland,58.409813,15.624525
Linneryd,Tingsryd,Kronoberg,56.660845,15.124572
Listerby,Ronneby,Blekinge,56.196403,15.402268
Lit,Ostersund,Jamtland,63.316657,14.849945
Ljunga,Norrkoping,Ostergotland,58.577125,16.307637
Ljungbyhed,Klippan,Skane,56.074442,13.233562
Ljungbyholm,Kalmar,Kalmar,56.633975,16.168375
Ljungby,Ljungby,Kronoberg,56.832588,13.935991
Ljungsarp,Tranemo,Vastra Gotaland,57.565104,13.583330
Ljungsbro,Linkoping,Ostergotland,58.508132,15.502618
Ljungskile,Uddevalla,Vastra Gotaland,58.224650,11.919828
Ljusdal,Ljusdal,Gavleborg,61.829375,16.095359
Ljusfallshammar,Finspang,Ostergotland,58.788109,15.493705
Ljusne,Soderhamn,Gavleborg,61.213630,17.128154
Ljustero Nolsjo,Osteraker,Stockholm,59.531146,18.618247
Loftahammar,Vastervik,Kalmar,57.904348,16.693118
Lomma,Lomma,Skane,55.674534,13.070892
Los,Ljusdal,Gavleborg,61.736513,15.169209
Lotorp,Finspang,Ostergotland,58.734100,15.827684
Lottefors,Bollnas,Gavleborg,61.419319,16.407473
Lucksta,Sundsvall,Vasternorrland,62.301515,17.051930
Luddingsbo,Soderkoping,Ostergotland,58.507934,16.137539
Ludvika,Ludvika,Dalarna,60.150377,15.181398
Lugnet och Skalsmara,Varmdo,Stockholm,59.255870,18.535627
Lugnvik,Kramfors,Vastra Gotaland,57.766888,12.216301
Lugnas,Mariestad,Vastra Gotaland,58.644023,13.699969
Lulea,Lulea,Norrbotten,65.583135,22.146013
Lundby,Kungalv,Uppsala,59.671230,17.047432
Lunde,Kramfors,Gavleborg,61.974137,17.241551
Lund,Lund,Skane,55.702929,13.192944
Lundsbrunn,Gotene,Vastra Gotaland,58.471591,13.445263
Lunnarp,Tomelilla,Skane,55.543894,14.040716
Lunne,Ostersund,Vasternorrland,63.784732,17.657620
Lurudden,Ekero,Stockholm,59.274685,17.708260
Lycksele,Lycksele,Vasterbotten,64.595861,18.677755
Lycksta,Vasteras,Vastmanland,59.695182,16.567965
Lyrestad,Mariestad,Vastra Gotaland,58.803630,14.059127
Lysekil,Lysekil,Vastra Gotaland,58.291426,11.329568
Lysvik,Sunne,Varmland,60.015272,13.132996
Langared,Alingsas,Vastra Gotaland,58.045332,12.520669
Langasjo,Emmaboda,Blekinge,56.429453,15.461471
Langsele,Solleftea,Vasternorrland,63.185115,17.056398
Langshyttan,Hedemora,Dalarna,60.451773,16.032348
Langviksmon,Ornskoldsvik,Vasternorrland,63.631477,18.698402
Langvik,Varmdo,Norrbotten,65.416475,21.850586
Langas,Falkenberg,Halland,56.979132,12.447907
Laby,Uppsala,Uppsala,60.088426,17.555379
Lackeby,Kalmar,Kalmar,56.782908,16.294941
Langhem,Tranemo,Vastra Gotaland,57.601177,13.242889
Lanna,Uppsala,Uppsala,59.878854,17.966069
Lappe,Vingaker,Sodermanland,59.129561,15.799966
Larbro,Gotland,Gotland,57.785162,18.790637
Loberod,Eslov,Skane,55.775677,13.514908
Loddekopinge,Kavlinge,Skane,55.763213,13.000394
Loderup,Ystad,Skane,55.438801,14.113706
Lodose,Lilla Edet,Vastra Gotaland,58.033758,12.154571
Logdea,Nordmaling,Vasterbotten,63.549258,19.390514
Lonsboda,Osby,Skane,56.398584,14.321326
Lorby,Solvesborg,Blekinge,56.071259,14.696498
Lottorp,Borgholm,Kalmar,57.166116,16.996494
Lowenstromska lasarettet,Upplands Vasby,Stockholm,59.541799,17.916415
Lovestad,Sjobo,Skane,55.652280,13.891961
Lovstalot,Uppsala,Uppsala,59.958716,17.577546
Lovanger,Skelleftea,Vasterbotten,64.368753,21.313517
Madangsholm,Tidaholm,Vastra Gotaland,58.140409,13.921067
Magra,Alingsas,Vastra Gotaland,58.113151,12.623350
Mala,Hassleholm,Skane,56.241004,13.711531
Malmberget vastra,Gallivare,Norrbotten,67.176118,20.658935
Malmberget ostra,Gallivare,Norrbotten,67.176118,20.658935
Malmback,Nassjo,Kronoberg,56.840954,14.049387
Malmen,Vasteras,Kalmar,57.014890,16.219951
Malmkoping,Flen,Sodermanland,59.133138,16.725512
Malmslatt,Linkoping,Ostergotland,58.416735,15.516966
Malmo,Malmo,Skane,55.605293,13.000156
Malmon,Sotenas,Gavleborg,60.589005,16.777880
Malung,Malung-Salen,Dalarna,60.686446,13.714586
Malungsfors,Malung-Salen,Dalarna,60.734169,13.552234
Mala,Mala,Vasterbotten,65.238752,18.729258
Mantorp,Mjolby,Ostergotland,58.354314,15.288493
Marback,Ulricehamn,Halland,56.705200,13.029041
Margretetorp,Angelholm,Skane,56.335859,12.892382
Mariannelund,Eksjo,Jonkoping,57.615689,15.580343
Marieby,Ostersund,Jamtland,63.116689,14.723028
Mariefred,Strangnas,Sodermanland,59.259945,17.222948
Marieholm,Eslov,Skane,55.864144,13.151533
Marielund,Strangnas,Uppsala,59.838943,17.870543
Mariestad,Mariestad,Vastra Gotaland,58.800977,13.751662
Markaryd,Markaryd,Kronoberg,56.459613,13.591983
Marmaskogen,Soderhamn,Gavleborg,61.278953,16.896402
Marma,Alvkarleby,Uppsala,59.784245,17.839820
Marmorbyn,Vingaker,Sodermanland,59.045239,16.069696
Marstrand,Kungalv,Vastra Gotaland,57.886761,11.588797
Matfors,Sundsvall,Vasternorrland,62.346769,17.019979
Medle,Skelleftea,Vasterbotten,64.745230,20.756741
Medaker,Arboga,Vastmanland,59.451516,15.754719
Mehedeby,Tierp,Uppsala,60.445910,17.403973
Mellansel,Ornskoldsvik,Vasternorrland,63.424772,18.308823
Mellbystrand,Laholm,Halland,56.504597,12.948391
Mellerud,Mellerud,Vastra Gotaland,58.682429,12.525313
Mellosa,Flen,Sodermanland,59.100733,16.561849
Merlanna,Strangnas,Sodermanland,59.280796,16.980532
Mjallby,Solvesborg,Blekinge,56.047083,14.678027
Mjallom,Kramfors,Vasternorrland,62.986690,18.430428
Mjoback,Svenljunga,Vastra Gotaland,57.314698,12.875615
Mjohult,Hoganas,Kronoberg,56.816097,14.360647
Mjolby,Mjolby,Ostergotland,58.295391,15.179064
Mjonas,Hagfors,Varmland,59.879452,13.55936
Mockfjard,Gagnef,Dalarna,60.502899,14.959955
Mogata,Soderkoping,Ostergotland,58.451127,16.451785
Moheda,Alvesta,Kronoberg,57.004355,14.572811
Mohed,Soderhamn,Gavleborg,61.294540,16.827051
Moholm,Toreboda,Vastra Gotaland,58.607027,14.038339
Moliden,Ornskoldsvik,Vasternorrland,63.379294,18.455573
Molkom,Karlstad,Varmland,59.602235,13.728668
Mollosund,Orust,Vastra Gotaland,58.073313,11.475499
Mora,Mora,Dalarna,61.008209,14.543133
Morgongava,Heby,Uppsala,59.933759,16.962697
Morup,Falkenberg,Halland,56.979293,12.395902
Motala,Motala,Ostergotland,58.542039,15.041261
Mullhyttan,Lekeberg,Orebro,59.151568,14.683658
Mullsjo,Mullsjo,Jonkoping,57.942325,13.816638
Munga,Vasteras,Vastmanland,59.744661,16.521960
Munka-Ljungby,Angelholm,Skane,56.256101,12.973975
Munkedal,Munkedal,Vastra Gotaland,58.607817,11.672323
Munkfors,Munkfors,Varmland,59.809955,13.488232
Munktorp,Koping,Vastmanland,59.532577,16.134284
Musko,Haninge,Stockholm,58.995830,18.114857
Myckle,Skelleftea,Vasterbotten,64.753000,20.843137
Myggenas,Tjorn,Vastra Gotaland,58.055490,11.743581
Myresjo,Vetlanda,Jonkoping,57.384661,14.966436
Myrviken,Berg,Jamtland,63.000251,14.338833
Malilla,Hultsfred,Kalmar,57.387601,15.812169
Malsta,Ostersund,Jamtland,63.153293,14.503876
Mankarbo,Tierp,Uppsala,60.226211,17.466286
Mattsund,Lulea,Norrbotten,65.544163,21.902536
Marsta,Sigtuna,Stockholm,59.625238,17.851567
Moklinta,Sala,Vastmanland,60.086028,16.544777
Molle,Hoganas,Skane,56.282746,12.498322
Molltorp,Karlsborg,Vastra Gotaland,58.494309,14.41381
Molnbo,Sodertalje,Stockholm,59.048603,17.41531
Molnlycke,Harryda,Vastra Gotaland,57.658361,12.113576
Monsteras,Monsteras,Kalmar,57.042955,16.444801
Morarp,Helsingborg,Skane,56.056735,12.877454
Morbylanga,Morbylanga,Kalmar,56.524963,16.379998
Morlunda,Hultsfred,Kalmar,57.323302,15.865313
Morrum,Karlshamn,Blekinge,56.192516,14.751521
Morsil,Are,Jamtland,63.309848,13.657397
Nedansjo,Sundsvall,Vasternorrland,62.376436,16.848226
Nedre Gardsjo,Rattvik,Dalarna,60.938578,15.225472
Nibble,Sodertalje,Stockholm,59.064191,17.624100
Nikkala,Haparanda,Norrbotten,65.804057,23.914270
Nissafors,Gnosjo,Jonkoping,57.407874,13.637141
Nitta,Ulricehamn,Vastra Gotaland,57.827588,13.193772
Njutanger,Hudiksvall,Gavleborg,61.613485,17.052906
Nolvik,Goteborg,Vastra Gotaland,57.777278,11.831599
Nora,Nora,Vasternorrland,62.763013,18.272028
Norberg,Norberg,Vastmanland,60.061747,15.954910
Nordano,Avesta,Vasternorrland,62.742779,18.120571
Nordingra,Kramfors,Vasternorrland,62.845904,18.655486
Nordkroken,Vanersborg,Vastra Gotaland,58.382685,12.41426
Nordmaling,Nordmaling,Vasterbotten,63.475532,19.548486
Nordostra Goteborg,Goteborg,Vastra Gotaland,57.861715,11.517247
Norje,Solvesborg,Blekinge,56.122104,14.668745
Norra Bro,Orebro,Orebro,59.226584,15.250518
Norra Lagno,Varmdo,Stockholm,59.354259,18.408346
Norr Amsberg,Borlange,Dalarna,60.530472,15.356155
Norra Musko,Haninge,Stockholm,58.995830,18.114857
Norra Riksten,Botkyrka,Stockholm,59.189071,17.915707
Norra Rorum,Hoor,Skane,56.017655,13.507504
Norra Vindo,Varmdo,Halland,57.365182,12.057731
Norra Visby,Gotland,Gotland,57.664609,18.332447
Norrfjarden,Pitea,Norrbotten,65.419619,21.500646
Norr-Hede,Harjedalen,Jamtland,62.424745,13.534383
Norrhult-Klavrestrom,Uppvidinge,Kronoberg,57.127551,15.162189
Norrkoping,Norrkoping,Ostergotland,58.590912,16.190351
Norrmjole,Umea,Vasterbotten,63.667528,20.123630
Norrsundet,Gavle,Gavleborg,60.929974,17.140667
Norrtalje,Norrtalje,Stockholm,59.759173,18.703747
Norsbron,Karlstad,Orebro,59.687833,14.616433
Norsholm,Norrkoping,Ostergotland,58.506293,15.974581
Norsjo,Norsjo,Vasterbotten,64.936309,19.476216
Nossebro,Essunga,Vastra Gotaland,58.188396,12.719209
Nusnas,Mora,Dalarna,60.962501,14.646180
Nya Langenas,Harryda,Vastra Gotaland,57.656138,12.165207
Nyborg,Kalix,Uppsala,59.837280,17.535841
Nybro,Nybro,Kalmar,56.745225,15.906154
Nybrostrand,Ystad,Skane,55.433008,13.950298
Nyehusen,Kristianstad,Skane,55.854010,14.225262
Nye,Vetlanda,Jonkoping,57.343615,15.274067
Nygard,Lilla Edet,Kronoberg,56.962263,14.835024
Nyhammar,Ludvika,Dalarna,60.292442,14.969654
Nykil,Linkoping,Ostergotland,58.221650,15.500700
Nykroppa,Filipstad,Varmland,59.622527,14.304553
Nykvarn,Nykvarn,Stockholm,59.196648,17.397728
Nykyrka,Motala,Sodermanland,58.829787,16.747025
Nykoping,Nykoping,Sodermanland,58.754491,17.011814
Nyland,Kramfors,Norrbotten,65.860968,24.121486
Nymolla,Bromolla,Skane,56.039288,14.464035
Nynashamn,Nynashamn,Stockholm,58.905645,17.947098
Nysattra,Norrtalje,Stockholm,59.810277,18.893669
Nas,Vansbro,Dalarna,60.455788,14.497512
Nalden,Krokom,Jamtland,63.348140,14.254167
Nas bruk,Avesta,Dalarna,60.179828,16.478600
Nassjo,Nassjo,Jonkoping,57.653037,14.698155
Nasum,Bromolla,Skane,56.172615,14.498832
Nasviken,Hudiksvall,Gavleborg,61.766667,16.866667
Nasviken,Stromsund,Jamtland,63.851591,15.535497
Nasaker,Solleftea,Vasternorrland,63.442944,16.897486
Nattraby,Karlskrona,Blekinge,56.205946,15.530474
Navekvarn,Nykoping,Sodermanland,58.630060,16.796682
Navragol,Karlskrona,Blekinge,56.375172,15.565153
Nobbele,Vaxjo,Kronoberg,56.695892,15.022591
Nodinge-Nol,Ale,Vastra Gotaland,57.906877,12.060160
Obbola,Umea,Vasterbotten,63.702584,20.313093
Ockelbo,Ockelbo,Gavleborg,60.919700,16.542670
Odensbacken,Orebro,Orebro,59.162539,15.525526
Odensberg,Falkoping,Vastra Gotaland,58.154929,13.435662
Okno,Monsteras,Kalmar,56.998086,16.503481
Oleby,Torsby,Varmland,60.135705,13.036516
Olofstorp,Goteborg,Vastra Gotaland,57.798552,12.168591
Olofstrom,Olofstrom,Blekinge,56.278997,14.533325
Olsfors,Bollebygd,Vastra Gotaland,57.691805,12.698833
Olshammar,Askersund,Orebro,58.755540,14.799502
Onsala,Kungsbacka,Halland,57.427218,12.030270
Onslunda,Tomelilla,Skane,55.598492,14.050292
Ormaryd,Nassjo,Jonkoping,57.666574,14.83086
Ornas,Borlange,Dalarna,60.510133,15.538583
Orrefors,Nybro,Kalmar,56.839478,15.748617
Orrhammar,Flen,Sodermanland,59.08054,16.563566
Orrviken,Ostersund,Jamtland,63.106351,14.437171
Orsa,Orsa,Dalarna,61.120117,14.622253
Osbyholm,Horby,Skane,55.848210,13.610839
Osby,Osby,Skane,56.382746,13.993285
Oskarshamn,Oskarshamn,Kalmar,57.263281,16.444347
Oskarstrom,Halmstad,Halland,56.801561,12.976093
Ostvik,Skelleftea,Vasterbotten,64.881956,21.063818
Otterbacken,Gullspang,Vastra Gotaland,58.943790,14.039389
Oxelosund,Oxelosund,Sodermanland,58.670016,17.104082
Oxie,Malmo,Skane,55.546157,13.096786
Pajala,Pajala,Norrbotten,67.209036,23.364729
Parksidan,Ekero,Stockholm,59.284221,17.846563
Paulistrom,Vetlanda,Jonkoping,57.468898,15.509390
Persberg,Filipstad,Orebro,59.113364,15.546807
Pershagen,Sodertalje,Stockholm,59.152798,17.656331
Perstorp,Perstorp,Skane,56.137696,13.395281
Person,Lulea,Norrbotten,65.739828,22.168236
Pilgrimstad,Bracke,Jamtland,62.954340,15.043739
Piperskarr,Vastervik,Kalmar,57.778491,16.633994
Pitea,Pitea,Norrbotten,65.313476,21.489939
Porjus,Jokkmokk,Norrbotten,66.960080,19.822231
Prastangen,Arvika,Stockholm,59.621465,17.706711
Pukavik,Solvesborg,Blekinge,56.167715,14.683124
Paarp,Helsingborg,Skane,56.031794,12.815699
Palsboda,Hallsberg,Orebro,59.065183,15.337320
Palang,Kalix,Norrbotten,65.813772,22.891509
Paryd,Kalmar,Kalmar,56.568072,15.926524
Paskallavik,Oskarshamn,Kalmar,57.162953,16.459455
Rabbalshede,Tanum,Vastra Gotaland,58.610765,11.471778
Ramdala,Karlskrona,Blekinge,56.183646,15.766504
Ramnas,Surahammar,Vastmanland,59.776193,16.197830
Ramsberg,Lindesberg,Orebro,59.768505,15.300246
Ramsele,Solleftea,Vasternorrland,63.538099,16.468698
Ramstalund,Uppsala,Uppsala,59.798448,17.442889
Ramvik,Harnosand,Vasternorrland,62.816873,17.865410
Ransta,Sala,Vastmanland,59.811410,16.638089
Rappestad,Linkoping,Ostergotland,58.410335,15.420873
Reftele,Gislaved,Jonkoping,57.175757,13.592978
Rejmyre,Finspang,Ostergotland,58.830057,15.931366
Rengsjo,Bollnas,Gavleborg,61.362768,16.614325
Repbacken,Borlange,Dalarna,60.515794,15.344262
Resaro,Vaxholm,Stockholm,59.430784,18.333296
Revingeby,Lund,Skane,55.725820,13.459653
Riala,Norrtalje,Stockholm,59.631719,18.517372
Riddarhyttan,Skinnskattebergs k.,Vastmanland,59.808647,15.538597
Rimbo,Norrtalje,Stockholm,59.745319,18.360176
Rimforsa,Kinda,Ostergotland,58.137829,15.676202
Rindo,Vaxholm,Stockholm,59.40183,18.372286
Ringarum,Valdemarsvik,Ostergotland,58.333783,16.444430
Rinkabyholm,Kalmar,Kalmar,56.654593,16.261189
Rinkaby,Kristianstad,Skane,55.982144,14.273104
Risby,Kungalv,Vastra Gotaland,57.894495,11.850962
Rishammar,Kungalv,Vastra Gotaland,57.906184,11.936017
Risogrund,Kalix,Norrbotten,65.810747,23.244968
Robertsfors,Robertsfors,Vasterbotten,64.193285,20.854274
Robertsholm,Hofors,Gavleborg,60.570750,16.270978
Rockhammar,Lindesberg,Orebro,59.528885,15.449055
Rockneby,Kalmar,Kalmar,56.804297,16.349063
Roknas,Pitea,Norrbotten,65.349932,21.178993
Rolfs,Kalix,Norrbotten,65.846276,23.124370
Rolfstorp,Varberg,Halland,57.145253,12.45987
Romakloster,Gotland,Gotland,57.507393,18.450613
Romme,Borlange,Dalarna,60.442504,15.482722
Ronnebyhamn,Ronneby,Blekinge,56.174054,15.292186
Ronneby,Ronneby,Blekinge,56.210041,15.276035
Rosenfors,Hultsfred,Kalmar,57.362821,15.839269
Rosenlund,Tranemo,Vastra Gotaland,57.526661,13.344477
Rosersberg,Sigtuna,Stockholm,59.581732,17.888175
Rosson,Stromsund,Jamtland,63.928714,16.314311
Rosvik,Pitea,Norrbotten,65.426626,21.692732
Roteberg,Ovanaker,Gavleborg,61.394776,15.838278
Rottneros,Sunne,Varmland,59.796396,13.109385
Rottne,Vaxjo,Kronoberg,57.021676,14.892100
Rot,Alvdalen,Dalarna,61.256161,14.038113
Ruda,Hogsby,Ostergotland,58.98194,15.863871
Rud,Hammaro,Jonkoping,57.786236,13.865392
Rundvik,Nordmaling,Vasterbotten,63.541151,19.440203
Runemo,Ovanaker,Gavleborg,61.355796,16.143664
Runtuna,Nykoping,Sodermanland,58.872985,17.074430
Rusksele,Lycksele,Vasterbotten,64.815066,18.899262
Rutvik,Lulea,Norrbotten,65.670178,22.089850
Rya,Harryda,Vastra Gotaland,58.056370,13.332731
Rydaholm,Varnamo,Jonkoping,56.987188,14.309857
Ryd,Alingsas,Vastra Gotaland,58.220865,13.372489
Rydal,Mark,Vastra Gotaland,57.556172,12.693667
Rydboholm,Boras,Vastra Gotaland,57.654335,12.884362
Rydbo,Osteraker,Stockholm,59.463626,18.185024
Rydeback,Helsingborg,Skane,55.966444,12.780677
Ryd,Jonkoping,Vastra Gotaland,58.220865,13.372489
Rydsgard,Skurup,Skane,55.470789,13.588290
Rydsnas,Ydre,Ostergotland,57.800021,15.146572
Ryd,Tingsryd,Vastra Gotaland,58.220865,13.372489
Rydobruk,Hylte,Halland,56.960859,13.143345
Ryssby,Ljungby,Kronoberg,56.864492,14.167912
Raby,Habo,Uppsala,59.897716,17.675591
Rada,Hagfors,Varmland,60.005367,13.597393
Ranea,Lulea,Norrbotten,65.856088,22.289997
Rangedala,Boras,Vastra Gotaland,57.793019,13.125345
Rannavag,Ulricehamn,Vastra Gotaland,57.676743,13.465877
Ranas,Norrtalje,Stockholm,59.803183,18.301225
Ratorp,Karlstad,Varmland,59.410535,13.487439
Ralla,Borgholm,Kalmar,56.774459,16.571886
Ranneslov,Laholm,Halland,56.453316,13.076352
Ratan,Berg,Jamtland,62.472121,14.557917
Rattarboda,Upplands-Bro,Stockholm,59.500988,17.604074
Rattvik,Rattvik,Dalarna,60.883754,15.122678
Ravemala,Tingsryd,Kronoberg,56.556264,15.264463
Ravlanda,Harryda,Vastra Gotaland,57.655551,12.499865
Roback,Umea,Vasterbotten,63.809335,20.187522
Roda holme,Kungsbacka,Halland,57.376334,11.991584
Rodeby,Karlskrona,Blekinge,56.257432,15.618547
Rodan,Habo,Vasterbotten,64.116237,20.006266
Roke,Hassleholm,Skane,56.235947,13.522654
Ronneshytta,Askersund,Orebro,58.923791,15.03931
Ronnang,Tjorn,Vastra Gotaland,57.937715,11.585986
Rorvik,Savsjo,Halland,57.417842,11.939965
Roro,Ockero,Vastra Gotaland,57.781185,11.605982
Rostanga,Svalov,Skane,56.000698,13.291218
Sala,Sala,Vastmanland,59.920226,16.605644
Salbohed,Sala,Vastmanland,59.911787,16.349275
Saleby,Lidkoping,Vastra Gotaland,58.140254,13.603637
Saltsjobaden,Nacka,Stockholm,59.279277,18.304929
Sandared,Boras,Vastra Gotaland,57.710057,12.793982
Sandarne,Soderhamn,Gavleborg,61.259492,17.163533
Sandhem,Mullsjo,Vastra Gotaland,58.012698,13.499449
Sandhult,Boras,Vastra Gotaland,57.769562,12.820944
Sandskogen,Kavlinge,Skane,55.762881,12.982192
Sandslan,Kramfors,Vasternorrland,62.309973,17.380728
Sandviken,Sandviken,Gavleborg,60.619422,16.783333
Sandviken,Sodertalje,Stockholm,59.183333,17.633333
Sangis,Kalix,Norrbotten,65.855789,23.495749
Sankt Olof,Simrishamn,Skane,55.636693,14.129242
Saxdalen,Ludvika,Dalarna,60.150877,14.976220
Saxnas,Morbylanga,Kalmar,56.686651,16.491955
Saxtorpsskogen,Landskrona,Skane,55.828988,12.942142
Segersta,Bollnas,Gavleborg,61.266693,16.645052
Segersang,Nynashamn,Stockholm,59.027020,17.929652
Segmon,Grum,Varmland,59.274787,13.042653
Selja,Mora,Dalarna,61.017549,14.471227
Selanger,Sundsvall,Vasternorrland,62.404767,17.126484
Sennan,Halmstad,Halland,56.774140,12.979098
Seskaro,Haparanda,Norrbotten,65.726458,23.731355
Sexdrega,Svenljunga,Vastra Gotaland,57.576853,13.117921
Sibbhult,Ostra Goinge,Skane,56.269404,14.195023
Sibble,Botkyrka,Stockholm,59.112867,17.744928
Sibo,Bollnas,Gavleborg,61.214991,16.602652
Sidensjo,Ornskoldsvik,Vasternorrland,63.277804,18.076399
Sifferbo,Gagnef,Dalarna,60.557505,15.222898
Sigtuna,Sigtuna,Stockholm,59.616520,17.723630
Siljansnas,Leksand,Dalarna,60.775392,14.857697
Silverdalen,Hultsfred,Kalmar,57.543427,15.747964
Simlangsdalen,Halmstad,Halland,56.720464,13.126037
Simonstorp,Norrkoping,Ostergotland,58.786108,16.154592
Simrishamn,Simrishamn,Skane,55.556554,14.349990
Sjuhalla,Karlskrona,Blekinge,56.188899,15.562280
Sjulsmark,Pitea,Norrbotten,65.519859,21.491570
Sjunnen,Vetlanda,Jonkoping,57.435987,15.172909
Sjunnerup,Hoor,Skane,56.105694,12.726249
Sjuntorp,Trollhattan,Vastra Gotaland,58.188230,12.226877
Sjalso,Gotland,Gotland,57.695914,18.360332
Sjobo,Sjobo,Skane,55.635086,13.703116
Sjogestad,Linkoping,Ostergotland,58.361545,15.369854
Sjorrod,Hassleholm,Skane,56.282589,13.915975
Sjosa,Nykoping,Sodermanland,58.776571,17.086447
Sjoskogen och Strand,Uddevalla,Vastra Gotaland,58.286712,11.830503
Sjotorp,Mariestad,Vastra Gotaland,58.837351,13.980023
Sjovik,Lerum,Vastra Gotaland,57.915932,12.370609
Skanor med Falsterbo,Vellinge,Skane,55.406007,12.844342
Skara,Skara,Vastra Gotaland,58.384607,13.439767
Skarpo,Vaxholm,Stockholm,59.395874,18.976177
Skattkarr,Karlstad,Varmland,59.417686,13.677096
Skattungbyn,Orsa,Dalarna,61.185738,14.848198
Skavkulla och Skillingenas,Karlskrona,Blekinge,56.178442,15.518659
Skebobruk,Norrtalje,Stockholm,59.968548,18.612015
Skebokvarn,Flen,Sodermanland,59.061482,16.708105
Skedala,Halmstad,Halland,56.693218,12.973859
Skeda udde,Linkoping,Ostergotland,58.291674,15.559967
Skede,Vetlanda,Vasternorrland,63.250541,19.004406
Skedvi kyrkby,Sater,Dalarna,60.403368,15.812790
Skee,Stromstad,Vastra Gotaland,58.924422,11.268152
Skegrie,Trelleborg,Skane,55.406315,13.082367
Skelleftehamn,Skelleftea,Vasterbotten,64.687603,21.236392
Skelleftea,Skelleftea,Vasterbotten,64.742143,20.971923
Skepplanda,Ale,Vastra Gotaland,57.982574,12.212476
Skeppshult,Gislaved,Jonkoping,57.126356,13.361951
Skeppsvik,Nykoping,Vasterbotten,63.799265,20.578910
Skiftinge,Eskilstuna,Sodermanland,59.389915,16.538067
Skillingaryd,Vaggeryd,Jonkoping,57.428947,14.091985
Skillinge,Simrishamn,Skane,55.475713,14.279918
Skinnskatteberg,Skinnskattebergs k.,Vastmanland,59.792577,15.745683
Skivarp,Skurup,Skane,55.424630,13.569718
Skoby,Osthammar,Uppsala,60.033424,18.029507
Skoghall,Hammaro,Varmland,59.324185,13.470522
Skogsby,Morbylanga,Sodermanland,58.785863,16.319955
Skottorp,Laholm,Halland,56.450007,12.961617
Skrea,Falkenberg,Halland,56.883355,12.558435
Skruv,Lessebo,Kronoberg,57.158718,15.164831
Skultorp,Skovde,Vastra Gotaland,58.341621,13.827990
Skultuna,Vasteras,Vastmanland,59.721776,16.428147
Skumparp,Malmo,Skane,55.538813,12.966722
Skurup,Skurup,Skane,55.483927,13.501464
Skutskar,Alvkarleby,Uppsala,60.635222,17.409286
Skyttorp,Uppsala,Uppsala,60.080892,17.735795
Skalo,Vansbro,Dalarna,60.563861,14.301572
Skanes-Fagerhult,Orkelljunga,Skane,56.370506,13.465170
Skane-Tranas,Tomelilla,Skane,55.614047,13.993737
Skapafors,Bengtsfors,Vastra Gotaland,59.022839,12.289002
Skare,Karlstad,Skane,55.377133,13.050329
Skallinge,Varberg,Halland,57.182168,12.468343
Skanninge,Mjolby,Ostergotland,58.395580,15.086770
Skarblacka,Norrkoping,Ostergotland,58.575892,15.923000
Skarhamn,Tjorn,Vastra Gotaland,57.990922,11.549795
Skarplinge,Tierp,Uppsala,60.474156,17.762776
Skarstad,Jonkoping,Jonkoping,57.888091,14.364036
Skoldinge,Katrineholm,Sodermanland,59.031551,16.445463
Skollersta,Hallsberg,Orebro,59.137692,15.337695
Skolsta,Uppsala,Uppsala,59.876284,17.748717
Skorby,Habo,Uppsala,59.567537,17.483612
Skovde,Skovde,Vastra Gotaland,58.389845,13.844379
Slaka,Linkoping,Ostergotland,58.359696,15.553717
Slite,Gotland,Gotland,57.707220,18.801919
Slite norra,Gotland,Gotland,57.707220,18.801919
Slottsbron,Grum,Varmland,59.323821,13.104132
Slottsskogen,Habo,Vastra Gotaland,57.687282,11.940638
Slatthult,Lerum,Skane,55.996056,13.872717
Sloinge,Falkenberg,Halland,56.855134,12.690862
Smedby,Kalmar,Dalarna,60.693638,15.052840
Smedjebacken,Smedjebacken,Dalarna,60.141496,15.415104
Smedserod,Uddevalla,Vastra Gotaland,58.365430,11.807151
Smedstorp,Tomelilla,Skane,55.550375,14.116682
Smygehamn,Trelleborg,Skane,55.346446,13.374123
Smalandsstenar,Gislaved,Jonkoping,57.162696,13.411558
Smogen,Sotenas,Vastra Gotaland,58.353644,11.226118
Snogerod,Hoor,Skane,55.838666,13.494158
Snoveltorp,Soderkoping,Ostergotland,58.500942,16.161604
Solberga,Kungalv,Vastra Gotaland,57.940833,11.810833
Solberga,Nassjo,Jonkoping,57.733333,14.750000
Solberga,Osteraker,Stockholm,59.495278,18.356389
Sollebrunn,Alingsas,Vastra Gotaland,58.119999,12.533111
Solleftea norra,Solleftea,Vasternorrland,63.168023,17.265447
Solleftea,Solleftea,Vasternorrland,63.168023,17.265447
Solleron,Mora,Dalarna,60.913298,14.615740
Solvarbo,Sater,Dalarna,60.390240,15.670833
Sommen,Trana,Ostergotland,58.015502,15.212850
Sonstorp,Finspang,Ostergotland,58.724620,15.634397
Sorsele,Sorsele,Vasterbotten,65.533066,17.536874
Sorunda,Nynashamn,Stockholm,59.014384,17.821050
Sparreholm,Flen,Sodermanland,59.071630,16.829298
Spekerod,Stenungsund,Vastra Gotaland,58.032826,11.870128
Spillersboda,Norrtalje,Stockholm,59.702861,18.856370
Spjutsbygd,Karlskrona,Blekinge,56.311330,15.595431
Spjutstorp,Tomelilla,Skane,55.579951,14.014554
Spangsholm,Mjolby,Ostergotland,58.352508,15.236179
Spanlot,Osteraker,Stockholm,59.572133,18.289962
Staffanstorp,Staffanstorp,Skane,55.642739,13.211399
Stallarholmen,Strangnas,Sodermanland,59.361279,17.207143
Stare,Stromstad,Vastra Gotaland,58.917855,11.207555
Stava,Osteraker,Ostergotland,58.130147,14.567888
Stavreviken,Timra,Vasternorrland,62.553498,17.409703
Stavsjo,Nykoping,Sodermanland,58.723851,16.418340
Stavsnas,Varmdo,Stockholm,59.288201,18.691782
Stehag,Eslov,Skane,55.903151,13.393866
Stenared,Goteborg,Vastra Gotaland,57.805243,12.189724
Stenhamra,Ekero,Stockholm,59.334749,17.687364
Steninge,Halmstad,Halland,56.764323,12.634688
Steningehojden,Sigtuna,Stockholm,59.621460,17.796332
Stenis,Mora,Dalarna,60.948277,14.461244
Stensele,Storuman,Vasterbotten,65.067883,17.147755
Stensjon,Nassjo,Jonkoping,57.581899,14.820178
Stenstorp,Falkoping,Vastra Gotaland,58.271317,13.713327
Stenungsund,Stenungsund,Vastra Gotaland,58.061063,11.908631
Stenungson,Stenungsund,Vastra Gotaland,58.066934,11.800581
Stenasen,Kil,Vastra Gotaland,58.432234,13.584021
Sticklinge udde,Lidingo,Stockholm,59.390487,18.090382
Stigen,Fargelanda,Vastra Gotaland,58.300669,12.066645
Stigtomta,Nykoping,Sodermanland,58.802763,16.785344
Stilleryd,Karlshamn,Blekinge,56.173149,14.819885
Stjarnhov,Gnesta,Sodermanland,59.080099,17.013662
Stoby,Hassleholm,Skane,56.175596,13.827924
Stockamollan,Eslov,Skane,55.945690,13.373799
Stocka,Nordanstig,Gavleborg,61.898199,17.333013
Stockaryd,Savsjo,Jonkoping,57.319595,14.591119
Stockholm,Stockholm,Stockholm,59.325117,18.071093
Stockvik,Sundsvall,Vasternorrland,62.347803,17.364835
Stora Bugarde,Harryda,Vastra Gotaland,57.653878,12.397367
Stora Dyron,Tjorn,Vastra Gotaland,57.928828,11.611827
Stora Herrestad,Ystad,Skane,55.474891,13.874225
Stora Hoga,Stenungsund,Vastra Gotaland,58.014335,11.828449
Stora Levene,Vara,Vastra Gotaland,58.325517,12.923582
Stora Mellby,Alingsas,Vastra Gotaland,58.141468,12.579785
Stora Mellosa,Orebro,Orebro,59.210613,15.497550
Stora Ror,Borgholm,Kalmar,56.756756,16.527238
Stora Vika,Nynashamn,Stockholm,58.955646,17.785737
Storebro,Vimmerby,Blekinge,56.150783,15.3818
Storfors,Storfors,Varmland,59.463157,14.277864
Storuman,Storuman,Vasterbotten,65.443959,15.832388
Storvik,Sandviken,Gavleborg,60.582853,16.525365
Storvreta,Uppsala,Uppsala,59.956938,17.704209
Stora,Lindesberg,Orebro,59.7136,15.135533
Striberg,Nora,Orebro,59.545432,14.941675
Stralsnas,Boxholm,Ostergotland,58.237724,15.091668
Strangsjo,Katrineholm,Sodermanland,58.905360,16.199816
Strassa,Lindesberg,Orebro,59.739452,15.201540
Strangnas,Strangnas,Sodermanland,59.349601,17.081336
Stromma,Varmdo,Vastra Gotaland,57.564189,12.457947
Stromsbruk,Nordanstig,Gavleborg,61.8699,17.317171
Stromsholm,Hallstahammar,Vastmanland,59.523741,16.248736
Stromsnasbruk,Markaryd,Kronoberg,56.552468,13.731973
Stromstad,Stromstad,Vastra Gotaland,58.938150,11.178730
Stromsund,Stromsund,Jamtland,63.851666,15.558235
Strovelstorp,Angelholm,Skane,56.166109,12.837575
Stugun,Ragunda,Jamtland,63.169262,15.612287
Sturefors,Linkoping,Ostergotland,58.336740,15.721157
Sturko,Karlskrona,Blekinge,56.098674,15.664782
Styrso,Goteborg,Vastra Gotaland,57.609428,11.782149
Stanga,Gotland,Gotland,57.281454,18.471394
Stangby,Lund,Skane,55.749279,13.194780
Stalldalen,Ljusnarsberg,Orebro,59.934554,14.945443
Stocke,Umea,Vasterbotten,63.742559,20.231426
Stocksjo,Umea,Vasterbotten,63.779389,20.195725
Stode,Sundsvall,Vasternorrland,62.417776,16.578272
Stollet,Torsby,Varmland,60.410045,13.26975
Stopen,Skovde,Vastra Gotaland,58.478527,13.866720
Sulvik,Arvika,Varmland,59.678270,12.415219
Sundborn,Falu,Dalarna,60.654176,15.781320
Sundby,Ekero,Stockholm,59.288476,17.719274
Sundbyholm,Eskilstuna,Sodermanland,59.438272,16.619871
Sundom,Lulea,Norrbotten,65.772130,22.264301
Sundsvall,Sundsvall,Vasternorrland,62.390755,17.307102
Sund,Trosa,Jonkoping,57.777477,14.596108
Sunnansjo,Ludvika,Dalarna,60.221459,14.960771
Sunnemo,Hagfors,Varmland,59.884283,13.722264
Sunne,Sunne,Varmland,59.890765,13.045421
Surahammar,Surahammar,Vastmanland,59.707058,16.221994
Surte,Ale,Vastra Gotaland,57.826762,12.016163
Svalsta,Nykoping,Sodermanland,58.743096,16.875131
Svalov,Svalov,Skane,55.913651,13.106982
Svanberga,Norrtalje,Stockholm,59.840363,18.662935
Svanesund,Orust,Vastra Gotaland,58.143036,11.819062
Svanskog/Svaneholm,Saffle,Varmland,59.179793,12.550962
Svappavaara,Kiruna,Norrbotten,67.646923,21.055485
Svartbyn,Overkalix,Norrbotten,66.259630,22.820359
Svartehallen,Stenungsund,Vastra Gotaland,58.118234,11.957990
Svarte,Ystad,Skane,55.430931,13.715131
Svartudden,Pitea,Vastra Gotaland,58.732952,11.172323
Svarta,Degerfors,Vasterbotten,65.029789,20.768065
Svedala,Svedala,Skane,55.515242,13.238435
Sveg,Harjedalen,Jamtland,62.036070,14.359839
Svenljunga,Svenljunga,Vastra Gotaland,57.496312,13.112259
Svensbyn,Pitea,Norrbotten,65.310331,21.234612
Svenshogen,Stenungsund,Vastra Gotaland,58.144643,11.938389
Svenstavik,Berg,Jamtland,62.766806,14.432422
Svenstorp,Angelholm,Orebro,59.112646,15.389159
Svinninge,Osteraker,Stockholm,59.449483,18.283511
Svangsta,Karlshamn,Blekinge,56.261980,14.774798
Svardsjo,Falu,Dalarna,60.742297,15.903846
Svartinge,Norrkoping,Ostergotland,58.650264,16.029186
Sya,Mjolby,Ostergotland,58.334732,15.223077
Syssleback,Torsby,Varmland,60.730431,12.871173
Sagmyra,Falu,Dalarna,60.713400,15.296540
Saffle,Saffle,Varmland,59.072789,13.163091
Salen,Malung-Salen,Dalarna,61.155723,13.269408
Salgsjon,Gavle,Gavleborg,60.617605,17.113604
Sarna,Alvdalen,Dalarna,61.694181,13.143068
Sater,Sater,Dalarna,60.414235,15.737297
Satila,Mark,Vastra Gotaland,57.541234,12.435089
Satinge,Kungsbacka,Halland,57.444200,12.137018
Satra Brunn,Sala,Vastmanland,59.862903,16.442051
Sattra,Norrtalje,Stockholm,59.620932,18.439134
Savar,Umea,Vasterbotten,63.902075,20.552316
Savast,Boden,Norrbotten,65.761657,21.751024
Save,Goteborg,Vastra Gotaland,57.803487,11.911706
Savja,Uppsala,Uppsala,59.811622,17.700561
Savsjo,Savsjo,Jonkoping,57.317287,14.612718
Soderby,Ekero,Stockholm,59.382500,17.585278
Soderby-Karl,Norrtalje,Stockholm,59.897693,18.696980
Soderbarke,Smedjebacken,Dalarna,60.073010,15.564555
Soderfors,Tierp,Uppsala,60.388132,17.241258
Soderhamn,Soderhamn,Gavleborg,61.299850,17.060759
Soderkoping,Soderkoping,Ostergotland,58.482380,16.321622
Soderskogen,Habo,Uppsala,59.676202,17.595891
Sodersvik,Norrtalje,Stockholm,59.750116,18.915614
Sodertalje,Sodertalje,Stockholm,59.196428,17.627166
Soderakra,Torsa,Kalmar,56.446032,16.070616
Sodra Bredaker,Boden,Norrbotten,65.901020,21.321748
Sodra Sandby,Lund,Kalmar,56.567171,16.619985
Sodra Sunderbyn,Lulea,Norrbotten,65.654162,21.953414
Sodra Vi,Vimmerby,Kalmar,57.741455,15.796053
Solvesborg,Solvesborg,Blekinge,56.050653,14.587190
Sorforsa,Hudiksvall,Gavleborg,61.717887,16.969660
Sorfors,Umea,Vasterbotten,63.872978,20.036461
Sormjole,Umea,Vasterbotten,63.679946,20.002339
Sorstafors,Hallstahammar,Vastmanland,59.583061,16.210761
Sorvik,Ludvika,Dalarna,60.186912,15.147367
Soraker,Timra,Vasternorrland,62.504549,17.508612
Sosdala,Hassleholm,Skane,56.040630,13.681493
Sovde,Sjobo,Skane,55.585031,13.673597
Sovestad,Ystad,Skane,55.501399,13.795260
Taberg,Jonkoping,Jonkoping,57.678947,14.091865
Tallboda,Linkoping,Ostergotland,58.430858,15.686590
Tallvik,Overkalix,Norrbotten,66.337260,22.847685
Tallasen,Ljusdal,Orebro,59.451989,14.771379
Tandsbyn,Ostersund,Jamtland,63.000922,14.745313
Tanumshede,Tanum,Vastra Gotaland,58.721908,11.332385
Tavelsjo,Umea,Vasterbotten,64.035882,20.050217
Teckomatorp,Svalov,Skane,55.866539,13.090358
Tenhult,Jonkoping,Jonkoping,57.706654,14.321033
Tibro,Tibro,Vastra Gotaland,58.424890,14.163119
Tidaholm,Tidaholm,Vastra Gotaland,58.140693,13.924145
Tidan,Skovde,Vastra Gotaland,58.576338,14.012095
Tido-Lindo,Vasteras,Vastmanland,59.512822,16.531577
Tierp,Tierp,Uppsala,60.342961,17.516839
Tillberga,Vasteras,Vastmanland,59.686704,16.618347
Timmele,Ulricehamn,Vastra Gotaland,57.861904,13.428551
Timmernabben,Monsteras,Kalmar,56.970307,16.43421
Timmersdala,Skovde,Vastra Gotaland,58.527673,13.759432
Timra,Timra,Vasternorrland,62.489319,17.327373
Tingsryd,Tingsryd,Kronoberg,56.527906,14.977188
Tingstade,Gotland,Gotland,57.735759,18.613689
Tjautjas,Gallivare,Norrbotten,67.326607,20.736699
Tjuvkil,Kungalv,Vastra Gotaland,57.893324,11.743298
Tjallmo,Motala,Ostergotland,58.715150,15.354501
Tjornarp,Hoor,Skane,55.999983,13.635045
Tobo,Tierp,Uppsala,60.257396,17.656487
Tofta,Gotland,Gotland,57.520806,18.168597
Tofta,Varberg,Halland,57.173850,12.300510
Toftbyn,Falu,Dalarna,60.713232,15.785604
Tollarp,Kristianstad,Skane,55.934062,13.975141
Tollered,Lerum,Vastra Gotaland,57.818729,12.422679
Tomelilla,Tomelilla,Skane,55.543798,13.954122
Tomtebo,Umea,Vasterbotten,63.808575,20.376449
Torbjorntorp,Falkoping,Vastra Gotaland,58.210335,13.608092
Torekov,Bastad,Skane,56.426297,12.626767
Torestorp,Mark,Kalmar,56.794375,15.947044
Torhamn,Karlskrona,Blekinge,56.095268,15.831092
Tormestorp,Hassleholm,Skane,56.111580,13.744208
Torna Hallestad,Lund,Skane,55.678976,13.418465
Torpa,Varberg,Halland,57.188948,12.280569
Torpsbruk,Alvesta,Kronoberg,57.034375,14.571008
Torpshammar,Ange,Vasternorrland,62.476165,16.331355
Torreby,Munkedal,Vastra Gotaland,58.443718,11.599255
Torsby,Torsby,Varmland,60.135520,13.006788
Torshalla,Eskilstuna,Sodermanland,59.419243,16.474944
Torsaker,Hofors,Vasternorrland,63.076659,17.715374
Torsang,Borlange,Dalarna,60.463520,15.569629
Torsas,Torsa,Kalmar,56.412408,16.003073
Tortuna,Vasteras,Vastmanland,59.674702,16.722464
Torup,Hylte,Halland,56.953542,13.074462
Totebo,Vastervik,Kalmar,57.631865,16.182809
Tranemo,Tranemo,Vastra Gotaland,57.490491,13.431046
Tranholmen,Danderyd,Stockholm,59.291823,17.779643
Transtrand,Malung-Salen,Dalarna,61.090370,13.321705
Tranas,Trana,Jonkoping,58.039262,14.825735
Traryd,Markaryd,Kronoberg,56.579041,13.752695
Trekanten,Kalmar,Kalmar,56.699905,16.116710
Trelleborg,Trelleborg,Skane,55.37592,13.146152
Trollhattan,Trollhattan,Vastra Gotaland,58.217868,12.341385
Trosa,Trosa,Sodermanland,58.896705,17.547811
Trangsviken,Krokom,Jamtland,63.333131,14.016113
Travad,Vara,Vastra Gotaland,58.251866,13.085384
Tradet,Ulricehamn,Vastra Gotaland,57.985633,13.531922
Trodje,Gavle,Gavleborg,60.818958,17.214570
Tronninge,Halmstad,Halland,57.14172,12.288236
Tronningenas,Varberg,Halland,57.138731,12.223881
Trono,Soderhamn,Gavleborg,61.396137,16.833717
Tumba,Botkyrka,Stockholm,59.200555,17.834312
Tumbo,Eskilstuna,Sodermanland,59.429688,16.339888
Tumlehed,Goteborg,Vastra Gotaland,57.728818,11.743370
Tuna,Landskrona,Skane,55.913333,12.689722
Tuna,Sodertalje,Stockholm,59.253428,17.490446
Tuna,Vimmerby,Kalmar,57.576600,16.105200
Tunnerstad,Jonkoping,Jonkoping,58.047598,14.337399
Tuolluvaara,Kiruna,Norrbotten,67.855418,20.318467
Tureholm,Ekero,Norrbotten,66.392166,23.604889
Tving,Karlskrona,Blekinge,56.310280,15.462932
Tvaaker,Varberg,Halland,57.041893,12.398992
Tvarskog,Kalmar,Kalmar,56.623633,16.041255
Tvaralund,Vindeln,Vasterbotten,64.099244,19.670260
Tye,Hammaro,Varmland,59.345907,13.561706
Tygelsjo,Malmo,Skane,55.514669,13.001715
Tynningo,Vaxholm,Stockholm,59.377574,18.392701
Tyringe,Hassleholm,Skane,56.160204,13.604263
Tystberga,Nykoping,Sodermanland,58.849348,17.234324
Tagarp,Svalov,Skane,56.304305,13.822234
Tangaberg,Varberg,Halland,57.174622,12.225890
Tanga och Rogle,Helsingborg,Skane,56.193729,12.773407
Tanno,Varnamo,Jonkoping,57.094246,14.047422
Taftea,Umea,Vasterbotten,63.839675,20.475946
Taljo,Osteraker,Stockholm,59.471790,18.239194
Tallberg,Leksand,Dalarna,60.825635,14.994580
Tarnaby,Storuman,Vasterbotten,65.713176,15.282744
Tarnsjo,Heby,Uppsala,60.154562,16.927510
Tavelsas,Vaxjo,Kronoberg,56.769892,14.823869
Tocksfors,Arjang,Varmland,59.509315,11.842519
Tollsjo,Bollebygd,Vastra Gotaland,57.797309,12.634760
Toreboda,Toreboda,Vastra Gotaland,58.708106,14.123973
Tore,Kalix,Norrbotten,65.913129,22.647827
Torestorp,Gnosjo,Vastra Gotaland,58.309948,13.073277
Tosse,Amal,Vastra Gotaland,58.971904,12.644860
Ubbhult norra,Mark,Vastra Gotaland,57.580985,12.354719
Ucklum,Stenungsund,Vastra Gotaland,58.084444,11.956919
Uddebo,Tranemo,Vastra Gotaland,57.474595,13.263325
Uddeholm,Hagfors,Varmland,60.024766,13.619007
Udden,Eskilstuna,Vastra Gotaland,58.839547,11.079480
Uddevalla,Uddevalla,Vastra Gotaland,58.349055,11.938285
Uddheden,Sunne,Varmland,59.945983,12.910784
Ullared,Falkenberg,Halland,57.136086,12.715631
Ullervad,Mariestad,Vastra Gotaland,58.666834,13.856477
Ullanger,Kramfors,Vasternorrland,63.018220,18.141902
Ulricehamn,Ulricehamn,Vastra Gotaland,57.811217,13.444322
Ulrika,Linkoping,Ostergotland,58.132970,15.394375
Ultuna,Uppsala,Uppsala,59.815944,17.659877
Ulvkalla,Harjedalen,Jamtland,62.023158,14.365271
Ulvaker,Skovde,Vastra Gotaland,58.473624,13.928527
Umea,Umea,Vasterbotten,63.825656,20.263074
Undenas,Karlsborg,Vastra Gotaland,58.656896,14.398847
Undersaker,Are,Jamtland,63.314686,13.242053
Unnaryd,Hylte,Halland,56.954534,13.528480
Uppharad,Trollhattan,Vastra Gotaland,58.158264,12.304859
Upplanda,Tierp,Uppsala,60.202035,17.180220
Uppsala,Uppsala,Uppsala,59.859412,17.64112
Urshult,Tingsryd,Kronoberg,56.531760,14.814100
Ursviken,Skelleftea,Vasterbotten,64.708124,21.176686
Utby,Uddevalla,Vastra Gotaland,58.333811,11.786892
Utvalinge,Helsingborg,Skane,56.215747,12.780708
Vad,Smedjebacken,Uppsala,59.769675,16.861097
Vadstena,Vadstena,Ostergotland,58.431081,14.780762
Vaggeryd,Vaggeryd,Jonkoping,57.498057,14.148478
Vagnharad,Trosa,Sodermanland,58.946880,17.495592
Valbo,Gavle,Gavleborg,60.644777,17.012276
Valdemarsvik,Valdemarsvik,Ostergotland,58.202590,16.603219
Valinge,Varberg,Halland,57.171131,12.381098
Valje,Bromolla,Skane,56.064597,14.544245
Valla,Katrineholm,Vasternorrland,62.390683,17.165769
Vallargardet,Karlstad,Varmland,59.477358,13.584232
Vallberga,Laholm,Halland,56.467628,13.024907
Vallda,Kungsbacka,Halland,57.472678,11.999076
Vallentuna,Vallentuna,Stockholm,59.533224,18.076450
Vallkarra,Lund,Skane,55.740753,13.173056
Vallsta,Bollnas,Dalarna,60.417512,15.358189
Vallvik,Soderhamn,Gavleborg,61.184365,17.176344
Vallakra,Helsingborg,Skane,55.962267,12.858315
Valskog,Kungsor,Vastmanland,59.444012,15.949726
Vankiva,Hassleholm,Skane,56.200364,13.741501
Vannsatter,Soderhamn,Gavleborg,61.260800,16.788084
Vansbro,Vansbro,Dalarna,60.461057,14.259809
Vanso kyrkby,Strangnas,Sodermanland,59.405653,16.940407
Vaplan,Krokom,Jamtland,63.335505,14.215024
Vara,Vara,Vastra Gotaland,58.249026,13.101598
Varberg,Varberg,Halland,57.105741,12.250294
Varekil,Orust,Vastra Gotaland,58.125344,11.719767
Vargon,Vanersborg,Vastra Gotaland,58.358103,12.400362
Varnhem,Skara,Vastra Gotaland,58.385343,13.650570
Vartofta,Falkoping,Vastra Gotaland,58.096067,13.632775
Vassmolosa,Kalmar,Kalmar,56.598532,16.164912
Vattholma,Uppsala,Uppsala,60.019050,17.732792
Vattjom,Sundsvall,Vasternorrland,62.365063,17.033805
Vattnas,Mora,Dalarna,61.047784,14.594616
Vattubrinken,Sodertalje,Stockholm,59.243867,17.582851
Vaxholm,Vaxholm,Stockholm,59.400907,18.290323
Veberod,Lund,Skane,55.633499,13.492564
Veddige,Varberg,Halland,57.266395,12.330372
Vedevag,Lindesberg,Orebro,59.524706,15.297993
Vedum,Vara,Vastra Gotaland,58.171041,12.995567
Vegby,Ulricehamn,Vastra Gotaland,57.678860,13.374226
Veinge,Laholm,Halland,56.554025,13.076164
Velanda,Trollhattan,Vastra Gotaland,58.228718,12.310233
Vellinge,Vellinge,Skane,55.470895,13.019944
Vemdalen,Harjedalen,Jamtland,62.445167,13.862820
Vena,Hultsfred,Vastra Gotaland,57.859463,11.874712
Venjan,Mora,Dalarna,60.952753,13.910921
Vessigebro,Falkenberg,Halland,56.978627,12.658665
Vetlanda,Vetlanda,Jonkoping,57.426017,15.087022
Vibble,Gotland,Gotland,57.603836,18.249661
Vickleby,Morbylanga,Kalmar,56.581931,16.458896
Vidja,Huddinge,Stockholm,59.197165,18.059693
Vidsel,Alvsbyn,Norrbotten,65.833605,20.520088
Vidoasen,Hammaro,Varmland,59.341977,13.453336
Viforsen och Tunbyn,Sundsvall,Vasternorrland,62.306101,17.254139
Vika,Falu,Dalarna,60.512748,15.710759
Vikarbyn,Rattvik,Dalarna,60.910639,15.023776
Viken,Hoganas,Jonkoping,57.806428,13.883746
Vikingstad,Linkoping,Ostergotland,58.383241,15.433245
Vikmanshyttan,Hedemora,Dalarna,60.299009,15.831051
Vik,Simrishamn,Uppsala,59.736383,17.462543
Viksjofors,Ovanaker,Gavleborg,61.337522,15.952948
Vilhelmina,Vilhelmina,Vasterbotten,64.625718,16.654162
Villsharad,Halmstad,Halland,56.694360,12.696605
Vilshult,Olofstrom,Blekinge,56.354337,14.482624
Vimmerby,Vimmerby,Kalmar,57.678134,15.791723
Vinberg,Falkenberg,Halland,56.947054,12.542938
Vinbergs kyrkby,Falkenberg,Halland,56.930569,12.547963
Vindeln,Vindeln,Vasterbotten,64.202481,19.717752
Vindon,Orust,Vastra Gotaland,58.299203,11.691718
Vingaker,Vingaker,Sodermanland,59.043372,15.871556
Vinninga,Lidkoping,Vastra Gotaland,58.453754,13.260211
Vinno,Kristianstad,Skane,56.056175,14.087880
Vinslov,Hassleholm,Skane,56.102213,13.909576
Vintrie,Malmo,Skane,55.552977,12.962067
Vintrosa,Lekeberg,Orebro,59.255355,14.961855
Vinas,Mora,Dalarna,60.967894,14.540253
Virsbo,Surahammar,Vastmanland,59.871368,16.048057
Virserum,Hultsfred,Kalmar,57.316854,15.586853
Visby,Gotland,Gotland,57.637936,18.297982
Viskafors,Boras,Vastra Gotaland,57.630750,12.849207
Vislanda,Alvesta,Kronoberg,56.787226,14.451583
Vissefjarda,Emmaboda,Kalmar,56.535523,15.586146
Visttrask,Alvsbyn,Norrbotten,65.692846,20.648637
Vi,Sundsvall,Vasternorrland,62.428333,17.418437
Vitaby,Simrishamn,Skane,55.684977,14.153547
Vittangi,Kiruna,Norrbotten,67.678286,21.650187
Vittaryd,Ljungby,Kronoberg,56.970755,13.946791
Vittinge,Heby,Uppsala,59.904332,17.061062
Vittjarv,Boden,Norrbotten,65.850234,21.590291
Vittsjo,Hassleholm,Skane,56.341923,13.665492
Vittskovle,Kristianstad,Skane,55.857306,14.147398
Vollsjo,Sjobo,Skane,55.705442,13.790058
Vrena,Nykoping,Sodermanland,58.860158,16.698263
Vretstorp,Hallsberg,Orebro,59.023555,14.866828
Vrigstad,Savsjo,Jonkoping,57.354616,14.474132
Vrango,Goteborg,Vastra Gotaland,57.575646,11.785133
Vuollerim,Jokkmokk,Norrbotten,66.429560,20.602417
Valberg,Karlstad,Varmland,59.395381,13.193470
Vamhus,Mora,Dalarna,61.116860,14.477964
Vanga,Kristianstad,Skane,56.182372,14.373710
Vardsatra,Uppsala,Uppsala,59.793512,17.622593
Vargarda,Vargarda,Vastra Gotaland,58.031649,12.809040
Varsta,Botkyrka,Stockholm,59.165330,17.795928
Vaxtorp,Laholm,Halland,56.419302,13.115896
Vackelsang,Tingsryd,Kronoberg,56.640268,14.917505
Vaderstad,Mjolby,Ostergotland,58.311435,14.923643
Vaggarp,Eslov,Skane,55.786782,13.241248
Valandan,Haninge,Stockholm,59.112957,17.987988
Vanersborg,Vanersborg,Vastra Gotaland,58.443364,12.360981
Vane-Asaka,Trollhattan,Vastra Gotaland,58.247085,12.420240
Vange,Uppsala,Uppsala,59.858646,17.430238
Vannasby,Vannas,Vasterbotten,63.914888,19.824866
Vannas,Vannas,Vasterbotten,63.940872,19.702571
Varing,Skovde,Vastra Gotaland,58.511243,13.960835
Varmlandsbro,Saffle,Varmland,59.181513,13.014790
Varnamo,Varnamo,Jonkoping,57.185213,14.041217
Varsas,Skovde,Vastra Gotaland,58.349996,14.049270
Varobacka,Varberg,Halland,57.251126,12.180716
Vase,Karlstad,Varmland,59.384482,13.852877
Vaskinde,Gotland,Gotland,57.691178,18.420183
Vastanvik,Leksand,Dalarna,60.729444,14.945478
Vastanvik,Motala,Ostergotland,58.683330,14.933330
Vasterberg,Sandviken,Orebro,58.996866,15.379228
Vasterby,Hedemora,Uppsala,59.848114,17.516331
Vasterfarnebo,Sala,Vastmanland,59.946130,16.279683
Vasterhaninge,Haninge,Stockholm,59.122159,18.108596
Vasterhejde,Gotland,Gotland,57.585592,18.227334
Vasterljung,Trosa,Sodermanland,58.921333,17.447492
Vasterlosa,Linkoping,Ostergotland,58.422555,15.350139
Vastermyckelang,Alvdalen,Dalarna,61.212874,14.031354
Vastervik,Vastervik,Kalmar,57.759418,16.638503
Vasteras,Vasteras,Vastmanland,59.611099,16.546367
Vastra Bispgarden,Ragunda,Jamtland,63.024153,16.635490
Vastra Hagen,Kungsbacka,Halland,57.421668,11.940857
Vastra Husby,Soderkoping,Ostergotland,58.486862,16.172054
Vastra Ingelstad,Vellinge,Skane,55.490469,13.112362
Vastra Karaby,Kavlinge,Skane,55.810902,13.051412
Vastra Karup,Bastad,Skane,56.411539,12.743405
Vastra Tommarp,Trelleborg,Skane,55.397667,13.102386
Vastra Amtervik,Sunne,Varmland,59.727172,13.143214
Vaxjo,Vaxjo,Kronoberg,56.878718,14.809438
Yngsjo,Kristianstad,Skane,55.88277,14.229382
Ysane,Solvesborg,Blekinge,56.088968,14.649451
Ysby,Laholm,Halland,56.493315,13.119966
Ystad,Ystad,Skane,55.432984,13.819655
Ytterhogdal,Harjedalen,Jamtland,62.177209,14.939436
Ytternas och Vreta,Uppsala,Uppsala,59.775535,17.601377
Yttersjo,Umea,Vasterbotten,63.786928,19.984477
Zinkgruvan,Askersund,Orebro,58.815435,15.106626
Abyggeby,Gavle,Gavleborg,60.728651,17.126838
Aby,Norrkoping,Ostergotland,58.662148,16.175925
Abytorp,Kumla,Uppsala,60.043209,17.983401
Aby,Vaxjo,Ostergotland,58.662148,16.175925
Ahus,Kristianstad,Skane,55.923516,14.295522
Akarp,Burlov,Skane,55.876893,13.136220
Akersberga,Osteraker,Stockholm,59.482351,18.294398
Akers styckebruk,Strangnas,Sodermanland,59.256441,17.108021
Alberga,Nykoping,Sodermanland,58.725042,16.580952
Aled,Halmstad,Halland,56.742381,12.947557
Aminne,Varnamo,Gotland,57.612497,18.761462
Ammeberg,Askersund,Orebro,58.865610,14.999192
Amotfors,Eda,Varmland,59.762586,12.362227
Amot,Ockelbo,Varmland,59.705202,12.887207
Amunnen,Kalmar,Kalmar,56.627696,16.236805
Amynnet,Ornskoldsvik,Vasternorrland,63.186110,18.530696
Amal,Amal,Vastra Gotaland,58.969858,12.618004
Ange,Ange,Vasternorrland,62.473979,15.641942
Anaset,Robertsfors,Vasterbotten,65.279046,19.908666
Are,Are,Jamtland,63.401088,13.082224
Arjang,Arjang,Varmland,59.442445,12.109184
Arnas,Varberg,Vastra Gotaland,58.667914,13.584610
Arstad,Falkenberg,Varmland,59.583566,12.130193
Arsta Havsbad,Haninge,Stockholm,59.086226,18.165957
Arsunda,Sandviken,Gavleborg,60.515076,16.733418
Aryd,Karlshamn,Blekinge,57.954798,13.650650
Aryd,Vaxjo,Vastra Gotaland,57.954798,13.650650
Asa,Kungsbacka,Jonkoping,58.004745,14.604402
Asarna,Berg,Jamtland,62.645937,14.370560
Asarp,Falkoping,Vastra Gotaland,58.023848,13.568091
Asbro,Askersund,Orebro,58.997080,15.057334
Asby,Varberg,Orebro,59.206160,15.575398
Aseda,Uppvidinge,Kronoberg,57.169126,15.352502
Asele,Asele,Vasterbotten,64.200078,17.614134
Asensbruk,Mellerud,Vastra Gotaland,58.807243,12.419478
Ashammar,Sandviken,Gavleborg,60.642278,16.554025
As,Krokom,Halland,57.049573,12.306622
Asljunga,Orkelljunga,Skane,56.309388,13.374488
Astorp,Astorp,Skane,56.135121,12.946246
Atvidaberg,Atvidaberg,Ostergotland,58.217336,16.140217
Alandsbro,Harnosand,Vasternorrland,62.673559,17.836039
Algaras,Toreboda,Vastra Gotaland,58.813509,14.252111
Alghult,Uppvidinge,Vasternorrland,63.819109,18.425977
Algo,Nacka,Stockholm,59.266912,18.343347
Almhult,Almhult,Kronoberg,56.551288,14.139176
Almsta,Norrtalje,Stockholm,59.971707,18.803142
Alvdalen,Alvdalen,Dalarna,61.229898,14.037394
Alvkarleby,Alvkarleby,Uppsala,60.694577,17.695628
Alvkarleo,Alvkarleby,Stockholm,59.353941,18.094415
Alvnas,Ekero,Dalarna,60.586772,15.068918
Alvsala,Varmdo,Stockholm,59.297232,18.640445
Alvsbyn,Alvsbyn,Norrbotten,65.737266,20.681897
Alvsered,Falkenberg,Halland,57.241455,12.866472
Alvangen,Ale,Vastra Gotaland,57.957664,12.118833
Ange,Krokom,Jamtland,63.458115,14.064932
Angelholms strand,Angelholm,Skane,56.232247,12.997921
Angelholm,Angelholm,Skane,56.242922,12.861937
Ang,Nassjo,Jonkoping,57.695571,14.566670
Angsmon,Ostersund,Jamtland,63.143605,14.752784
Angsvik,Varmdo,Stockholm,59.240578,18.530325
Appelbo,Vansbro,Dalarna,60.485884,14.013852
Arla,Eskilstuna,Sodermanland,59.282521,16.676984
Askoping,Katrineholm,Sodermanland,59.147598,16.068838
Aspered,Boras,Vastra Gotaland,57.755126,13.178227
Asperod,Sjobo,Skane,55.609573,13.918975
Atran,Falkenberg,Vastra Gotaland,57.564310,13.124590
Obolandet,Trosa,Sodermanland,58.869822,17.572178
Obonas,Norrkoping,Ostergotland,58.540714,16.183652
Ockero,Ockero,Vastra Gotaland,57.727900,11.423683
Odeborg,Fargelanda,Vastra Gotaland,58.545129,11.971767
Odeshog,Odeshog,Ostergotland,58.224593,14.662207
Odsmal och Asebyberg,Kungalv,Vastra Gotaland,57.915144,11.800024
Odsmal,Stenungsund,Vastra Gotaland,58.110845,11.856059
Odakra,Helsingborg,Skane,56.103350,12.749927
Oggestorp,Jonkoping,Jonkoping,57.723374,14.383571
Ojersjo,Partille,Vastra Gotaland,57.703826,12.143091
Olmbrotorp,Orebro,Orebro,59.389639,15.244761
Olme,Kristinehamn,Varmland,59.362094,14.009947
Olmstad,Jonkoping,Jonkoping,57.926612,14.397633
Olsta,Ekero,Stockholm,59.400148,17.655159
Onnekop,Horby,Skane,55.786116,13.870890
Onnestad,Kristianstad,Skane,56.055872,14.023399
Orbyhus,Tierp,Uppsala,60.226932,17.705628
Orebro,Orebro,Orebro,59.274737,15.214998
Oregrund,Osthammar,Uppsala,60.338115,18.442181
Orkelljunga,Orkelljunga,Skane,56.283976,13.278452
Ornskoldsvik,Ornskoldsvik,Vasternorrland,63.288861,18.716020
Orserum,Jonkoping,Jonkoping,58.010109,14.572033
Orsjo,Nybro,Skane,55.466552,13.564822
Orslosa,Lidkoping,Vastra Gotaland,58.508818,13.004258
Orsundsbro,Enkoping,Uppsala,59.731978,17.302278
Orsundsbro norra,Enkoping,Uppsala,59.731978,17.302278
Ortagarden,Vasteras,Vastra Gotaland,57.681304,11.952412
Ortofta,Eslov,Skane,55.778322,13.243988
Orviken,Skelleftea,Vasterbotten,64.668952,21.179696
Osmo,Nynashamn,Stockholm,58.982826,17.896191
Ossjo,Angelholm,Skane,56.228610,13.031806
Ostadkulle,Vargarda,Vastra Gotaland,58.023946,12.637291
Ostansjo,Hallsberg,Vasterbotten,63.960035,20.029861
Osterbybruk,Osthammar,Uppsala,60.195936,17.901448
Osterbymo,Ydre,Ostergotland,57.824795,15.275396
Osterfarnebo,Sandviken,Gavleborg,60.305626,16.800194
Osterslov,Kristianstad,Skane,56.096288,14.245903
Osterstad,Motala,Ostergotland,58.519297,15.176064
Ostersund,Ostersund,Jamtland,63.179365,14.635706
Ostervala,Heby,Uppsala,60.180932,17.178084
Osthammar,Osthammar,Uppsala,60.259016,18.373658
Ostra Bispgarden,Ragunda,Jamtland,63.024153,16.635490
Ostra Frolunda,Svenljunga,Vastra Gotaland,57.343315,13.029861
Ostra Grevie,Vellinge,Skane,55.467549,13.135778
Ostra Husby,Norrkoping,Ostergotland,58.576900,16.563881
Ostra Kallfors,Sodertalje,Stockholm,59.110495,17.560215
Ostra Karup,Bastad,Skane,56.423867,12.943154
Ostra Ljungby,Klippan,Skane,56.191351,13.064778
Ostra Ryd,Soderkoping,Ostergotland,58.404927,16.164527
Ostra Sonnarslov,Kristianstad,Skane,55.885956,14.015647
Ostra Tommarp,Simrishamn,Skane,55.537917,14.234369
Ostra Vemmerlov,Simrishamn,Skane,55.582932,14.232583
Overboda,Umea,Dalarna,60.781072,15.040524
Overharde,Gavle,Gavleborg,60.616140,16.973445
Overkalix,Overkalix,Norrbotten,66.492048,22.604758
Overlida,Svenljunga,Vastra Gotaland,57.349794,12.895822
Overtornea,Overtornea,Norrbotten,66.390045,23.655002
Overtanger,Falu,Dalarna,60.865157,15.762185
Overum,Vastervik,Kalmar,57.988748,16.314315
Oxaback,Mark,Vastra Gotaland,57.394745,12.804626
Oxeryd,Lerum,Vastra Gotaland,57.737618,12.274383
